Frame ID, Proposed PSRN, Raymond PSNR
1001,21.598974,21.598974
10017,27.153428,37.951117
10020,30.289949,30.268018
10036,29.329983,29.092448
1004,18.263991,18.263991
10048,24.832524,24.833972
10076,43.419469,40.382175
10078,33.778211,36.623369
10103,30.905419,29.961120
10105,29.565690,29.966005
10110,29.790821,30.570680
10140,31.453353,30.591446
10141,31.687944,34.905477
1015,24.578256,24.581573
10156,36.852067,38.738404
10158,35.806554,39.257589
10162,36.015875,36.737621
10189,28.516669,30.300585
10194,31.050809,27.107896
10220,27.976886,27.373048
10235,26.705194,18.566030
10240,27.584783,20.187957
10241,29.547667,24.919997
10287,24.326055,23.279226
10299,29.348824,30.067949
10325,28.439175,31.361246
10338,28.973340,27.978410
10355,27.026094,27.662838
10368,31.243774,30.927520
10408,25.454441,27.200015
10413,26.609434,27.264850
10434,28.559601,27.487623
10439,25.611437,28.217363
10532,29.365883,32.203385
10550,33.559717,34.376695
10563,28.180755,27.094966
10622,31.631759,35.432438
10662,33.300430,33.904189
10675,33.613128,25.287810
10690,31.056585,26.761680
10694,33.997804,35.972049
10705,33.310240,32.689610
10738,33.254786,30.496772
10742,29.201174,29.240052
10748,29.040769,28.916779
10765,28.805724,24.933773
10806,32.848913,33.653044
10807,34.016000,34.521488
10816,27.437184,31.504321
10820,30.454796,29.326752
10828,29.327476,26.583818
10836,41.344365,31.612589
10853,34.470470,36.664729
10859,33.357020,30.321731
10889,33.770065,30.551363
10912,31.041043,29.651015
10943,30.237119,30.324399
10988,30.700823,31.033110
10989,26.804279,27.631956
11036,28.470801,28.591354
11076,31.965421,35.370804
11109,25.945823,28.685068
11121,31.049677,32.221336
11122,31.941685,34.189023
11151,28.987452,28.907300
11177,33.462364,31.754512
11179,33.794395,36.687374
11183,33.950979,31.235200
11189,25.296640,25.790278
11248,29.262300,29.006385
11296,31.560041,27.420438
11311,34.755746,30.899951
1133,21.718047,21.718047
11343,29.712746,34.096133
11440,34.433825,29.611860
11441,33.679215,30.263631
11446,31.443662,28.474206
11466,29.965120,27.397882
11488,34.744571,35.512176
1149,26.538889,26.538889
11504,33.071969,33.864220
11530,30.305320,32.890071
1154,27.907844,27.907844
1156,23.410351,23.409808
11579,31.872100,27.807715
11627,31.479525,30.189712
11630,34.607481,27.844810
11682,23.981053,20.013991
11715,37.736477,39.709310
11725,25.736173,23.385269
11752,31.067344,29.298964
11787,32.732334,36.162837
1180,22.138471,22.140396
11814,30.416923,30.344095
1182,22.810531,22.810531
11826,30.726860,27.765343
11827,30.155768,32.356510
11831,26.697293,30.757447
11845,33.361974,34.966018
11861,33.071054,33.301736
11877,33.565312,32.559913
11894,30.210668,30.534817
11979,33.550489,34.180379
1200,22.885631,22.965059
12036,30.308919,29.593240
12039,28.297978,29.734093
12069,30.428519,29.820437
12131,32.347467,29.531082
12135,32.033400,36.193352
12137,33.216643,33.031816
1214,21.985568,21.985779
12177,28.743526,25.228426
12206,26.684527,25.983949
1221,21.293263,21.293263
12210,25.962795,26.072789
12214,30.806062,27.109436
12216,33.348669,27.884722
12259,26.044051,27.434967
1226,22.464460,22.465801
12266,30.006250,28.929861
12270,32.520503,25.634412
12278,27.526294,28.600221
12287,31.637515,27.025689
12358,30.975284,29.920237
12363,39.702059,27.960434
12402,33.364189,43.171638
12459,33.486539,33.496157
12486,33.894782,33.894782
12507,33.465002,36.692896
12513,36.519303,35.024019
12515,33.104777,43.922700
1255,23.008351,23.008351
12562,26.086834,28.297086
12563,25.456974,32.101391
12604,36.981905,43.783416
12611,36.088276,36.354449
12646,36.900414,36.707403
12652,38.139560,36.043864
12719,35.235905,32.155235
12738,34.251188,38.631787
12752,35.808388,34.889400
12755,33.818278,33.393109
12769,37.266744,37.546857
12783,34.744051,34.540591
12786,37.327494,36.146607
12831,35.663643,35.665542
12845,35.921804,35.032279
12847,39.102155,40.704049
12853,39.241071,40.964536
12859,38.608674,38.780850
12868,45.701384,45.703896
12878,40.549342,43.934568
12918,36.043639,35.787367
12952,34.309797,35.147775
12968,31.824126,28.591292
12977,40.917532,40.917532
13017,28.726033,30.905352
13023,28.818072,25.879599
13029,26.379606,28.199044
13055,23.729925,21.029631
13063,30.437556,36.632031
13086,30.303823,30.276820
13109,31.997945,32.978806
13135,29.768667,30.220448
13141,24.649622,24.486523
13150,21.726858,22.516007
13207,20.614156,19.023747
13212,19.881310,21.667768
13237,22.078320,29.346778
13260,20.347830,19.617924
13263,20.335235,22.059100
13286,30.945637,32.782291
1329,23.893325,23.893325
13300,26.181779,20.600217
13307,22.569276,24.621073
13313,23.241959,21.374991
13397,25.164725,24.180956
13439,24.883507,20.681822
13448,28.425953,26.506699
13496,20.939707,22.874659
13526,25.709034,25.622178
13546,31.758573,30.296646
13566,34.260379,35.705623
13580,28.302943,32.285084
13582,29.802288,28.891013
13603,30.029356,30.458283
13623,34.005205,33.688623
13630,34.346303,30.113155
13646,30.621195,28.553558
13663,32.509863,32.380918
13674,30.580880,29.420927
1368,33.901113,33.905078
13705,24.778714,16.923644
13770,20.132659,20.921348
13789,28.817101,28.110566
13808,29.748334,29.432127
13809,28.189683,31.844965
13822,31.194780,30.568292
13836,29.834444,34.594105
13847,29.495863,31.751331
13877,32.494642,30.714651
13916,31.943163,31.164804
13954,26.490235,25.170088
13961,28.238547,26.660077
13986,28.781846,30.952080
1399,20.151488,14.590867
14025,33.592207,32.934908
14031,34.317269,34.877148
14051,32.723457,31.658855
14057,30.681884,27.881444
14112,33.324090,24.768889
14138,33.055164,34.511252
14139,28.313232,30.141871
14143,31.020444,32.330614
1418,27.732853,33.813783
14186,33.594473,34.309633
14205,36.770020,35.248238
14227,26.500207,25.979555
14244,29.372872,28.818223
14252,26.561495,27.802492
14260,30.329477,34.476590
14261,28.858708,28.270536
14300,31.043082,30.194664
14308,34.770507,35.098301
1432,26.745260,26.781448
14369,29.170542,36.902141
14379,30.607718,37.657678
14381,31.582414,35.467048
14387,32.877203,35.099739
14395,34.686408,35.602044
14415,34.518215,41.903471
14425,31.435680,32.760468
14431,29.376815,31.106397
1444,30.985183,29.144354
14488,35.835329,33.814224
14521,33.365830,42.992434
14553,29.756835,31.350583
14575,21.461514,24.758884
1460,24.394625,24.138310
1462,23.763287,23.491813
14631,31.315881,33.505388
14645,28.060178,27.402964
14661,30.323082,30.178777
14669,32.093557,31.701862
14682,31.338677,30.967758
14698,27.119720,27.914053
14707,30.285526,30.939924
14773,31.389900,34.737336
1478,25.320712,24.232497
14827,31.339058,30.590706
14830,27.920612,26.615614
14843,31.079715,30.271772
14864,28.298103,27.712623
14884,27.931706,26.151306
14889,26.719395,27.107758
14905,26.756302,26.956394
14928,31.622955,29.842251
14930,28.744783,30.533290
14963,30.986634,30.830442
14964,34.002515,34.613727
15005,31.402248,28.554363
15020,27.462919,28.651023
15024,28.354017,28.426815
15032,36.996670,29.990926
1508,27.222237,27.222237
15099,33.102773,34.636051
15114,30.893164,30.579563
15151,32.065078,31.707178
15159,34.231425,32.667603
15173,29.554318,28.565950
15178,33.840573,34.630082
15250,32.978971,29.159587
15290,32.092561,29.379719
15385,33.308273,32.981663
15391,34.236079,33.007041
15427,29.253777,27.708845
15431,27.418268,26.132572
15447,27.360969,28.063070
15450,25.246365,27.997735
15456,28.976387,29.168167
15464,26.394405,25.839463
15520,26.130228,26.239403
15532,28.907073,32.748494
15542,29.259244,29.670819
15547,30.670970,27.299618
15559,23.661409,22.560496
15586,22.037864,23.713105
1559,36.585749,36.585749
15620,26.778046,25.499073
15621,26.108236,24.706386
15660,33.442138,35.202111
15661,32.634963,30.310409
15686,24.021571,22.474803
15692,23.292187,21.965623
15766,33.315355,37.895842
15768,31.320819,29.772985
15780,30.909275,31.330802
15797,31.710358,30.438184
15811,31.399553,31.225064
15840,31.735350,28.341186
15842,32.219883,33.319015
15847,29.085538,31.883139
15864,31.500782,29.688339
15871,39.120665,35.631733
15877,33.307523,31.192712
15898,33.530170,31.995644
15920,33.349007,30.186023
1595,21.474386,19.795703
15957,22.214486,21.465801
15962,22.030254,20.693876
15968,19.209852,16.049096
1599,25.096562,26.152200
15991,26.849771,28.796929
15996,24.609922,22.052258
1600,25.784333,25.504418
16060,19.903104,28.795239
16069,24.813850,25.564052
16077,30.119697,29.642809
16096,32.850693,31.738509
16112,39.212724,36.678821
16130,31.164222,33.473535
16146,28.360187,28.466305
16177,34.891200,33.063326
16183,35.253903,35.861407
16189,33.761301,32.318981
16190,32.081687,32.777136
16205,35.247480,32.970355
16235,35.682495,38.087371
16248,28.158489,28.895911
16263,24.831025,24.719709
16264,23.544593,26.649176
16299,26.616804,28.074003
16311,31.162189,28.236637
16372,36.537003,38.899128
16378,31.463604,32.594543
16407,35.370282,37.114800
16409,35.942936,33.762665
16414,30.807783,34.584886
16419,33.350766,38.027913
16427,33.538093,33.569906
16437,34.919562,30.578344
16467,27.407394,26.454831
16477,26.848886,25.235583
16486,26.180677,27.936562
16502,25.220255,26.767654
16517,28.511990,28.874491
1652,39.457530,36.170829
16585,28.890836,28.567567
16595,37.734199,40.419026
16611,37.775417,39.459720
16623,31.538204,35.832120
1663,36.415337,36.618538
16634,33.318238,33.281512
16635,34.834910,33.836535
16643,32.673490,33.731424
16726,28.579041,25.280705
16729,29.130359,28.605440
16734,29.329694,29.867405
16741,24.250600,23.653814
16758,25.997599,24.162519
16805,24.055221,22.818023
16822,24.255214,22.114212
16828,25.724487,20.908247
16869,25.809660,24.739979
16900,25.959759,22.700958
16904,26.178293,28.017699
16926,31.080724,29.219737
16931,27.909701,30.991915
16938,30.597979,28.382471
16943,31.287740,31.780459
16948,26.146018,23.202963
16962,30.046735,29.485015
17012,21.059765,19.908196
17021,25.146535,24.637685
17047,22.787810,21.784946
17084,29.326910,25.564041
17091,29.448248,25.458761
17129,29.241799,28.275549
1714,35.856601,46.535616
17148,27.526723,27.338380
17162,26.814276,30.977193
17165,31.155180,31.475367
17180,29.299396,28.193434
17189,27.775009,27.395731
17230,28.486921,29.385712
17261,26.494555,31.675175
17290,27.208114,27.105254
17304,27.016140,24.776937
1733,29.749615,23.897715
17336,27.099723,25.155189
17339,24.255244,24.350992
17367,30.728284,25.894268
17406,29.086641,27.252231
17407,27.056700,25.138574
17427,27.650236,26.282278
17441,27.835878,31.283130
17445,27.485303,29.469465
17468,31.020626,32.529919
17489,24.251511,22.440337
17495,23.979896,23.351581
1751,37.383575,31.071058
17524,32.304382,30.662335
17559,29.207663,28.130258
17560,25.224373,25.109041
17564,26.670844,25.889858
17582,27.518994,27.832244
17586,28.395230,27.770895
17599,30.758650,30.799751
17614,30.804349,30.389456
1762,36.830884,17.126300
17632,26.773124,27.244535
17636,30.074550,28.690219
17655,36.089987,35.213928
17659,27.137413,26.668550
17662,24.616140,23.863499
17675,25.115767,24.622693
17682,27.921917,24.109978
17684,23.650492,25.681040
1772,36.878467,15.603602
17723,28.474494,27.322035
1774,21.236035,23.152130
17777,26.756797,24.113874
17786,27.322711,26.323208
17812,25.030872,26.431027
17830,31.722389,32.858741
17833,29.756884,31.973193
17834,28.550369,28.437949
17853,26.986048,24.673625
17868,24.826668,24.013017
17926,25.300947,25.087811
17936,25.647513,24.976819
17949,21.473278,32.429519
17954,20.059324,21.797895
17963,29.735684,29.002422
17967,28.360700,28.500989
1797,36.966889,22.488055
17977,33.433896,33.193961
18004,31.062379,29.650884
18006,29.049430,28.561897
18009,28.498536,29.156868
18038,34.332528,32.351413
1804,22.313488,20.142852
1805,19.105388,26.812274
18073,29.099522,31.433893
18098,31.574761,32.061489
1810,17.655949,25.825355
18158,22.409841,30.248523
18176,24.172970,23.737259
18177,24.532983,22.005519
18197,25.337634,27.321248
18202,25.977973,28.844434
1823,35.164351,24.189148
18243,24.947243,26.421547
18259,27.862074,34.745060
18263,27.128431,33.867711
1830,24.223168,32.782971
18350,31.603601,31.727655
18389,26.327176,23.541356
18429,29.872368,29.463311
18435,29.175973,26.238542
18464,29.595592,35.283191
18465,31.952989,30.634227
18516,29.828642,26.680176
18520,29.160553,27.451818
18570,27.782763,26.357154
18580,26.082079,27.911110
18679,27.436246,27.999482
1870,35.114283,21.568521
18746,34.901779,35.064904
18756,31.150900,31.534151
18765,23.633132,23.743601
1877,19.996353,21.311811
18807,31.895554,30.830273
18828,25.957159,24.004866
1883,32.639623,25.049505
18836,29.791410,31.204440
18837,29.389248,29.410679
18878,30.235675,31.274188
18901,19.859340,18.291155
18911,23.128865,28.634122
18969,24.942181,27.698346
18997,25.776359,29.136569
19007,25.009717,28.218666
19027,26.493677,27.025282
19035,28.521930,27.621332
19052,26.302100,22.499617
19082,23.872080,21.458727
19087,27.545823,21.548744
19148,23.728863,18.171582
19152,21.869948,20.955521
19155,23.383133,19.383835
19172,20.593312,21.826011
19178,21.271292,20.055611
19210,23.011800,20.527214
19216,22.399405,19.792371
19221,23.887647,21.012960
1924,22.435084,15.893044
19296,29.310740,25.440829
1931,32.989558,18.042308
19311,24.331591,22.992461
19325,35.472334,33.684083
19386,30.855603,33.896540
19405,34.699489,24.629221
19407,28.091115,26.884894
19415,31.156588,27.143206
19421,27.119603,26.593967
19434,29.919911,26.809285
19477,27.877489,27.039080
19484,27.199754,35.620723
19508,31.709527,32.807626
19516,34.553810,36.868304
19517,33.684050,36.043580
19519,32.671340,29.805769
19531,21.769598,21.286412
19533,24.753916,22.138428
1954,36.814331,36.328837
19547,29.324122,24.241552
1955,38.619490,35.219308
19550,28.152559,26.413423
19552,30.630622,24.814300
19559,30.463942,26.148306
19599,28.986664,25.975253
19600,30.812045,25.799458
1962,38.262692,33.109433
19637,28.431172,29.795558
19650,26.649568,26.838752
19658,30.823010,37.017971
19664,28.818802,29.122614
1969,33.909081,32.358692
19705,32.417072,32.243349
19716,36.354863,41.108376
19722,31.174724,30.057589
1976,28.915913,25.636270
19764,28.223401,26.410202
1979,29.299154,24.547901
19836,28.840388,32.462055
19854,27.913576,26.807233
19911,29.454820,27.392952
19957,26.964150,27.417164
19965,28.840149,29.656847
19968,28.859687,29.764801
19993,32.417148,28.950649
20007,24.975642,26.979619
20013,28.700692,25.166308
20028,29.581354,29.673469
20030,27.182605,30.783760
20069,25.710419,25.267700
20071,26.342433,23.895828
20093,30.271143,26.394410
20102,31.563023,23.607748
20105,28.884882,23.421815
20116,30.230943,24.242174
20121,28.158268,22.492794
20152,30.305380,30.969403
20174,34.554041,32.972144
2018,30.178880,37.658551
20186,26.982153,28.442304
20209,26.633081,23.942892
20232,27.468488,24.070623
20244,23.724472,22.361367
20264,28.404774,27.095894
20268,30.478996,28.976299
20270,30.264478,27.665526
20272,29.493333,30.052952
20276,28.135687,26.855161
20327,27.570759,23.582990
20351,32.612231,26.959919
20364,33.983086,26.205182
2040,21.764071,24.093242
2042,23.962937,14.599432
20449,28.569683,33.556594
20463,32.370691,27.716419
20484,27.652954,29.053203
20668,34.267717,31.503967
20674,31.224033,28.404542
2068,20.867712,17.207911
20689,28.391349,25.023092
20691,29.321041,25.367027
20721,37.375998,36.027951
20727,34.351748,30.591798
20728,35.112775,35.626098
20731,34.796630,29.222861
20740,34.621324,33.241350
20762,33.333894,30.750454
20780,33.383925,33.099559
2079,34.673163,18.004867
20821,27.846936,28.042829
20868,30.126041,27.912933
20933,32.288744,34.969226
20941,26.084805,29.721517
20955,31.180752,24.493386
20969,26.470499,22.745087
20970,25.740607,27.212805
21010,31.961490,27.551152
21034,25.782369,26.020087
21043,31.265146,27.019758
21090,25.859106,29.791430
21129,25.675554,25.905656
21132,31.915061,28.026852
21133,27.089546,25.964310
21140,27.156322,25.132697
21162,26.737386,24.084558
21198,29.984045,23.636460
21230,26.037750,26.786904
21246,28.573908,24.462192
21314,26.902467,25.658985
21316,25.544966,28.669728
21345,28.778601,25.398389
21351,22.923659,22.272543
2136,17.135571,16.015587
21371,24.612543,21.892648
21378,21.439095,23.571118
21383,28.389059,25.915944
21389,24.166147,23.321722
2139,13.119027,17.116746
21398,23.931773,29.924545
2141,17.037228,17.726562
21412,24.837297,25.428129
21459,25.743318,25.013227
21562,31.014731,23.059127
21564,30.228861,23.413613
21642,32.671977,28.563463
21664,31.184512,24.984560
21666,26.363593,24.481236
21679,27.621554,23.565185
21680,29.493314,24.194082
21694,25.884450,24.243685
21749,27.701833,21.862546
21751,24.793493,26.582771
21753,25.831758,24.374412
21806,27.697079,23.939244
21827,25.804988,22.300820
21875,27.992959,29.497165
21896,31.054151,30.289623
21904,29.660540,26.730305
21907,27.880533,26.941911
21937,25.653083,26.653218
21945,25.539825,24.833639
21969,26.207980,24.397089
22002,25.915909,25.180995
22011,25.967970,24.660577
22012,25.161596,23.263721
22020,24.010526,23.036847
22028,29.973949,25.341322
22040,29.645300,29.743960
22090,29.824810,31.334408
22091,27.802795,27.832748
22098,26.709386,26.328581
22128,30.197965,29.284926
22160,22.292942,19.674111
22163,23.637335,22.822659
22169,22.297035,20.194808
22189,22.194914,22.012496
22204,29.237825,22.724304
22206,27.033648,23.903246
22213,27.930047,26.955234
22220,27.225061,29.532894
22230,31.228993,30.273620
22241,26.772553,23.248973
22262,20.664716,20.684322
22288,27.131815,28.216420
22291,26.352604,23.279651
22302,23.910488,24.059559
22305,27.065190,30.357184
22380,30.638483,30.348847
22386,29.418136,31.842687
22400,28.405455,31.451782
22405,33.138348,25.968752
22409,26.285003,27.566413
22413,31.084959,27.666616
2244,33.825170,33.825170
22462,26.808033,25.426747
22487,31.762404,26.915563
22530,25.109741,23.242915
22583,22.928509,26.820543
22607,26.171525,23.863074
22615,30.416448,28.904807
22618,27.555102,24.484325
22657,27.291050,25.004636
22683,26.409604,26.435669
22692,27.832860,26.110894
22729,23.018844,22.648972
22798,27.437003,31.063410
22826,32.799636,26.855362
22849,32.227088,29.355941
22860,32.341986,29.722771
22867,29.686563,25.479342
22893,29.248401,27.441968
22925,26.761738,26.541346
22930,26.494382,26.831925
22938,30.188785,27.784474
22942,23.569715,24.720566
22961,26.505315,25.119928
22995,14.578680,11.905362
23013,31.495211,29.567145
23015,26.991645,24.970809
23029,28.053484,30.513943
23053,25.559902,28.301976
23062,25.729642,23.193483
23080,34.300003,36.703086
23090,36.461594,41.315499
23121,32.230934,33.001519
23131,28.423709,28.881214
23148,29.009523,28.066863
23197,24.208998,23.022630
23212,31.948966,30.848868
23223,34.850057,32.628763
23227,31.393831,31.727437
23259,30.650083,29.097000
23264,28.817703,28.314455
23336,26.036884,24.376051
23350,23.424102,21.671547
23398,24.545968,21.505257
23413,25.586944,28.008625
23416,24.242158,24.683303
23421,23.997806,24.890222
23426,22.469778,20.742065
23461,24.533062,26.820245
23478,24.615690,26.923318
23539,22.769557,22.161196
23572,25.538920,26.322901
23614,29.968714,29.289479
23631,19.640961,15.340838
23646,21.041640,19.637387
23673,22.968009,25.942094
23711,20.437937,18.498400
23716,22.712039,21.953245
23721,22.709271,21.171421
23733,23.365190,25.108046
23738,27.069514,28.234617
23739,26.614943,28.213395
23770,24.892466,21.946937
23779,19.997085,22.111867
23782,19.742362,18.117429
23791,21.587824,21.590590
23799,24.053304,24.644050
23810,24.535347,22.501477
23832,25.774209,24.259352
23835,26.098195,26.819439
23850,25.138560,26.129575
23874,23.311974,24.203761
23876,26.953299,24.045666
23888,23.519741,22.075846
23920,24.411821,30.184581
23925,25.455998,24.961487
23931,26.979710,23.087305
23985,25.542067,24.452989
24028,26.856603,23.874894
24032,28.256806,26.388817
2404,21.656033,20.467385
24040,27.438086,29.387970
24100,23.016763,23.156889
24102,23.883192,22.865613
24105,26.345885,25.410493
24129,25.966386,22.353095
24132,19.247748,19.316748
24138,21.891789,23.110994
24146,21.361935,22.963566
2416,28.553175,16.935108
24170,22.858744,24.934362
24172,26.151052,22.856409
24195,23.575051,22.666513
24212,23.777947,22.667807
24222,23.104447,21.158392
2423,17.532888,23.231959
24246,20.649158,21.709680
24293,24.637423,20.978258
24306,25.860624,25.278068
24325,23.761920,24.289083
24326,24.514952,24.194279
24338,22.057805,20.266385
24346,22.881504,21.712431
24360,21.854980,20.761097
24370,21.848873,21.063080
24383,24.342871,27.053172
24387,24.540848,24.956609
24407,25.806245,29.254721
2445,19.808452,18.964080
24475,21.565378,20.788156
24487,21.750471,23.081520
24491,22.188450,22.282677
24504,20.729721,24.200166
24512,22.684368,25.845374
24546,24.105609,26.290849
2456,21.066974,14.780857
24572,23.856715,26.593801
24583,18.605342,24.127045
24590,20.202431,19.673475
24598,22.764829,23.513668
24629,24.858361,25.141786
24640,22.520770,25.399891
24664,23.458884,25.719915
24714,25.166645,27.351666
24721,26.827402,25.213745
2474,32.000339,16.468948
24756,24.136217,25.419578
2477,34.041384,23.869236
24781,25.613933,29.253967
24787,30.540475,31.968858
24841,24.624355,24.198005
24845,23.779738,26.976440
24856,25.321031,26.798744
24876,26.853900,25.704208
24879,25.052599,25.420380
24909,25.416467,24.170959
24921,28.959519,25.371157
24922,27.038209,24.473946
24948,19.606662,27.436892
24952,16.319712,19.619940
24968,29.012291,25.006537
24970,30.292678,20.075946
24978,32.917548,36.571870
25030,27.473207,27.163973
25056,25.200592,23.240090
2506,16.969149,21.593402
2512,31.805996,17.372532
25126,25.848834,25.312969
25139,24.384148,23.093903
25147,24.780563,21.518051
25151,26.134490,26.887129
25174,29.061689,30.379760
25179,28.054595,28.868310
25200,28.018654,26.758294
25229,29.525618,29.746979
25237,28.982664,28.803964
25262,27.018225,28.469355
25271,28.984448,26.612798
25278,27.562822,26.553293
25286,26.720698,25.153033
25295,21.516559,20.858832
25302,29.773924,28.643380
25309,26.095616,26.488363
25310,25.527303,25.081245
2534,23.198430,18.488889
25402,33.848195,33.406937
25411,29.029931,29.021177
25413,29.301331,30.012460
25418,27.600787,28.952248
25442,24.920394,27.959078
25446,26.317685,23.649617
25473,24.853809,24.120753
25482,25.710159,23.338096
2550,30.144964,28.930446
25526,23.122624,23.034574
25541,24.673050,23.253863
25625,24.871939,24.152198
25628,26.990765,26.511284
25629,25.365517,24.919228
25640,27.976202,26.319409
2568,16.542750,23.527978
25704,26.583694,26.264858
25719,24.797749,26.618416
25729,28.476789,29.167478
25733,29.517902,28.843573
25737,26.459999,30.125137
25744,29.590615,28.230576
25775,26.922958,26.012963
25785,25.779104,23.873786
25793,33.915177,26.886069
25864,26.093883,26.751126
25866,25.686077,26.925171
25879,25.189704,25.182144
25885,28.018578,26.637437
25890,28.400350,23.736354
25915,25.046303,23.308082
25920,29.766770,22.839678
25974,26.336441,24.067361
25977,23.504521,21.558457
2601,22.017076,15.881134
26022,27.595095,28.514926
26029,28.388194,22.692773
26044,28.857480,23.063239
26068,27.862814,26.816164
26103,25.251136,24.683132
26109,28.120901,23.243702
26111,22.980331,22.166224
26113,23.722454,29.046338
26134,28.640674,20.334438
26139,25.746916,25.982284
26166,25.129925,27.630877
26210,26.413324,24.107211
26225,28.975513,29.081981
26241,24.415748,24.276751
26243,27.899535,26.424232
26262,22.530863,23.007379
26279,21.327345,21.518395
26319,26.238840,31.239784
26333,22.912986,22.316225
26338,19.995480,28.140055
26341,19.209493,20.286285
26355,22.970531,23.215823
26357,21.501195,22.527419
26371,29.096912,27.369123
26386,29.353889,33.089124
26398,28.973510,29.290262
26410,27.842189,26.403801
26436,31.167745,28.045194
26470,26.021397,24.647053
26487,29.742014,27.874698
2649,18.049277,20.509898
26502,27.429202,23.797894
26505,22.289593,23.512773
26515,25.634904,26.269836
26543,31.012972,27.960330
26547,28.527632,26.478220
26560,28.792307,26.352092
26590,32.671468,23.649601
26601,25.262341,26.339065
26727,24.615217,24.192227
2674,29.137828,27.991864
26786,26.210034,25.612282
26793,30.041222,24.291126
2680,21.818358,21.208303
26802,33.228528,33.240201
26821,28.313597,32.990235
26830,26.433959,25.238177
26832,28.069436,25.850887
26880,27.099033,26.590062
26916,24.326314,24.940008
26963,28.646078,31.054120
27021,26.386998,27.788143
27034,23.276862,24.631636
27048,24.225133,21.561290
27050,24.243758,24.120399
27073,24.914633,19.999263
2708,25.473664,27.156834
27080,22.146802,19.557568
27091,23.661887,15.922670
27150,19.483254,18.792907
27171,21.846995,19.800809
2720,26.565012,19.837343
27203,23.440494,24.863672
27258,25.157524,26.597728
27280,23.010123,22.087318
27305,21.099261,18.499980
27326,22.301744,21.765333
27340,23.199972,22.742255
27341,24.465688,21.766468
27389,26.131438,21.389468
27413,23.424346,21.510427
27431,21.247086,25.404337
27456,21.318992,22.663313
27504,25.197543,20.530797
27517,20.821426,21.336687
27518,20.237237,19.064857
2752,26.040891,20.618970
27520,19.507488,21.136678
27546,24.863386,22.983958
27553,24.399531,24.388028
2757,19.587408,18.584530
27574,31.552164,26.028233
2758,21.656937,26.274019
27608,26.299818,25.941290
2761,21.757176,21.419454
27613,25.805596,24.593925
27616,27.269963,23.629927
2762,21.033846,24.298271
27649,28.626982,23.224221
27680,30.348038,29.797477
27686,20.041612,24.437789
27696,19.939441,18.843388
27700,18.195966,17.988466
27754,20.948379,21.117039
27769,29.805855,19.731477
2778,21.775672,18.880131
27794,22.903251,25.805421
27818,20.484292,20.307426
27838,25.178888,20.758824
27866,26.164400,25.061175
27876,20.655171,20.125864
27883,25.850733,20.751388
27948,21.580641,22.747467
27967,24.356548,24.616283
27986,18.993072,21.273831
27994,21.007664,19.962631
27996,28.029123,17.576427
28023,28.270744,24.762301
28060,19.729249,20.330434
28079,34.511236,22.268547
2812,25.194950,25.111661
28141,19.644196,19.247175
28143,21.402955,20.110077
28145,24.656193,24.494014
28181,35.220083,21.324573
28270,32.916985,20.928019
28276,22.267312,17.874319
28327,18.299491,18.880099
28342,26.935129,18.438053
28348,28.434916,27.645685
28366,28.789524,23.838352
28425,31.522813,20.105819
28436,31.207888,20.930657
28440,27.185962,24.408137
28469,20.896525,19.194250
28488,35.948510,18.784815
2861,20.002822,20.564263
2863,21.011655,17.372979
28633,29.445060,25.602888
28653,20.302998,22.905673
28664,22.370754,19.436178
28677,31.716015,28.515070
28696,25.680778,22.851176
28699,18.737396,21.834091
2871,36.251986,19.872447
28728,20.506341,17.525454
28735,21.921688,19.091450
28759,30.774183,24.870501
28788,27.182383,21.006730
28800,24.501491,20.899430
28812,22.251665,20.038511
28824,24.360103,24.702007
28858,26.078516,23.434492
28895,24.493541,27.141977
28990,23.509700,23.136132
29019,32.628350,32.667837
29025,26.492842,26.664331
2907,22.277972,22.501826
29082,24.419198,23.288025
29096,26.959604,25.406358
2910,19.210677,15.991155
29135,30.517936,27.098451
29170,32.560447,25.100058
29207,25.004536,27.453547
29210,28.143695,25.753692
29220,31.017594,24.846550
29226,29.794064,26.445670
29275,29.838891,27.799961
29339,26.481597,27.521335
29357,26.260431,25.809158
29389,24.588019,25.781318
29408,29.940902,25.259581
29409,30.619874,25.700181
29417,29.854699,28.945489
29419,31.673354,29.390248
2943,22.759882,22.149831
29436,29.155967,26.994596
29449,25.852385,24.887806
29462,26.456025,28.046910
29489,25.500321,28.814746
29499,27.362152,25.859242
29551,23.251844,21.484943
2956,24.104880,25.923105
29561,20.300804,18.402416
29569,20.861277,26.286583
2963,19.815880,25.082230
29633,28.209754,23.400554
29635,25.241782,21.454870
29641,23.911725,22.183012
29647,19.475348,26.323052
29706,19.115543,18.015162
29742,30.144705,21.464924
29754,29.405324,17.908273
29806,18.658346,22.959107
29909,35.080057,27.274540
29916,23.093742,23.790087
29949,28.468480,17.987116
29983,30.544081,23.547168
30002,28.370558,16.624203
30018,17.856631,17.045940
30052,24.911360,25.726435
30069,14.211818,14.348652
30082,29.592473,21.241511
30093,20.008975,19.204020
30098,28.316099,19.312058
30100,22.097022,23.308309
30102,24.490805,22.325570
30107,21.465865,27.490323
30185,31.912605,18.822344
30191,20.918457,17.341982
30213,19.215555,18.045455
30228,34.004070,20.875326
30281,32.356251,21.542154
30358,31.900779,23.586993
30365,20.037253,16.841333
30384,32.535980,29.165904
30385,31.473816,21.858366
30394,18.929058,28.773740
3042,24.230434,23.618236
30431,19.934029,20.701543
30452,20.362809,20.077717
30469,34.061617,21.038708
30493,19.603058,20.965863
30520,22.862994,28.106336
30527,26.591862,20.845716
30541,23.311398,26.595324
30556,25.845424,17.524634
3056,21.296691,18.971418
30609,33.206106,25.665075
3064,22.163530,17.495479
30647,28.083375,16.123841
3066,26.090131,25.966461
30663,21.543294,25.682727
30701,17.393207,16.961279
3071,25.581694,20.579041
30717,21.618367,17.166925
30723,21.902822,19.548073
30737,26.258096,24.785779
30745,25.528836,22.538574
30782,24.876067,16.143336
30792,18.864745,21.391950
30817,18.960209,22.589094
30825,25.198575,19.025114
30829,17.818841,20.443678
30839,26.277525,26.394411
30870,20.694247,21.212521
30874,22.679164,25.965193
30914,23.957933,23.588977
3092,34.201671,19.811672
30921,22.293558,24.843137
30945,26.632663,26.598435
30950,26.459791,28.349053
30995,22.168289,21.235795
31015,21.603776,26.237041
31094,23.503032,24.921650
31109,23.777839,22.238262
31111,23.904807,21.284260
31131,23.738002,23.291524
31152,26.126233,20.086457
31163,29.784870,23.437070
31167,23.472235,23.422357
31194,28.256997,19.580293
31260,31.676375,19.416902
31313,27.005656,23.996147
31314,25.151854,25.800916
31350,24.990772,19.974879
31358,23.617124,23.297092
31364,22.871333,21.081730
31380,24.868365,25.153612
31408,26.030433,21.724750
31424,23.333387,17.948542
31432,21.429973,15.314603
3144,25.116094,22.138133
31447,22.710263,14.702071
31459,24.586353,19.737458
31466,26.106513,21.950673
31490,20.050017,22.151642
31495,27.020982,24.403348
31555,18.737669,18.216118
31574,16.288142,20.836386
31606,27.115298,17.747590
31613,27.133281,25.924042
31638,26.861164,22.011186
31645,20.231551,19.855727
31648,28.822533,19.289850
31651,20.155729,22.183791
31695,28.403348,22.561947
31705,27.263287,23.648372
31711,28.001913,25.402264
31719,24.312730,21.949141
31744,29.118542,23.459905
31756,25.179017,24.524616
3176,27.702228,41.305105
31761,26.218401,23.752456
31765,28.966203,20.372928
31795,29.278449,21.864105
31796,27.195563,22.492454
31831,28.639890,21.567175
31835,26.030920,21.205034
31842,24.167176,22.881294
31854,26.747050,19.075052
31912,22.807158,22.091360
31922,24.492953,17.879108
31927,24.820197,24.218957
31948,28.233092,28.722355
31958,25.236717,24.951588
3196,27.292851,28.419620
31976,24.054452,23.093780
31990,24.499959,22.584043
31993,22.335088,22.355688
32029,23.400620,18.775959
32068,26.205049,19.008583
32087,28.378082,24.756891
32100,25.059008,24.787850
32139,17.999212,19.509233
32141,28.103358,20.460572
32142,28.887916,21.565949
32155,19.315765,19.338508
32165,24.120076,22.776192
32170,24.862990,22.209105
32191,25.883945,27.421999
32194,27.518699,20.562227
32210,23.836341,20.227292
32221,25.788331,25.481229
32229,23.973799,23.719804
32233,21.202328,23.871577
32265,24.836381,21.226291
32267,21.067915,22.501609
32273,24.779702,24.997514
32289,20.048154,26.636115
32300,19.964156,19.300903
32324,23.122018,20.985818
32360,26.255453,22.146289
32384,22.625692,19.763547
32408,22.227318,21.858871
32410,21.754055,20.838820
32439,28.723729,22.694247
32494,30.489661,21.589255
32500,24.166690,21.779047
32523,24.919879,25.182932
32547,24.234198,21.676625
32561,21.420224,21.870666
32586,25.711323,21.312859
32597,29.914511,24.651130
32622,28.259758,23.128620
32649,25.041954,26.045988
32670,24.965510,25.621818
32683,24.718180,23.462560
32685,23.120419,25.489935
32713,21.485211,25.832812
32733,25.176579,26.321208
32752,28.924766,26.404255
32789,27.763905,23.856495
32805,22.205988,22.346800
32846,25.384074,24.825023
32870,22.819249,24.216906
32947,25.312257,22.768134
32960,25.192223,26.769318
32970,26.175634,25.929613
32977,26.625091,26.960552
32992,26.287445,24.767916
32994,26.397750,26.564578
33007,30.278427,25.345083
33043,26.401265,24.442732
33049,25.883585,24.161826
33072,19.706186,24.828742
33125,21.416099,23.126675
33169,24.536722,25.769321
33204,33.746359,28.745018
33209,32.388639,25.975609
33214,26.894961,23.871874
33226,31.916470,26.952739
33257,31.331460,29.459210
33300,23.565632,28.545155
33309,25.505781,23.631809
33311,30.685470,25.827558
33320,31.093107,24.540153
33324,29.687621,26.673784
33325,30.210869,23.024132
33351,27.719000,26.725563
33358,26.356839,25.146287
33364,28.095867,26.749391
33378,27.255035,23.709710
33391,30.017846,25.985515
33422,30.500816,25.185669
33431,29.681685,19.725155
33469,26.812819,26.880811
33476,25.677816,31.036879
33506,23.548230,27.287874
33526,26.431026,27.054384
33530,26.262638,27.851413
33582,22.003907,22.271553
33590,21.824729,24.890717
3364,26.318477,29.056150
33642,26.498975,24.582594
3365,29.278088,28.226546
33656,33.419327,28.054187
33714,31.251452,25.400689
33721,30.947183,32.551689
33724,29.819236,23.087507
33728,30.552339,25.831560
33741,23.512807,31.653053
33749,31.739518,30.966868
33781,23.300954,24.627049
33787,24.418588,20.424914
33798,21.301269,23.096037
33800,21.934454,21.472645
33872,24.651492,17.944708
33877,22.901367,21.334925
33903,26.102395,19.199227
33940,28.403093,15.715121
33943,20.760168,23.208970
33958,20.430541,21.243838
33968,23.078547,21.276437
33971,33.976835,33.795197
34000,24.131614,19.233187
3402,28.583279,28.612932
34025,17.269020,16.513937
3403,27.880670,30.767361
34035,32.714298,22.952277
34040,26.617775,23.407436
34077,20.320855,20.217421
34079,22.630820,21.924983
34086,26.593175,16.544026
34091,24.947593,20.277421
34108,24.134895,18.276961
34127,27.909434,30.844885
34190,23.168727,19.313646
34226,29.025853,32.366473
34251,30.134019,29.388726
34254,28.578678,32.186068
34287,25.345437,24.995522
3429,29.909336,32.035950
34296,28.058378,26.360651
34323,24.697825,24.948477
34341,24.056971,23.946590
34357,28.329050,29.434615
34363,27.969273,26.508364
34381,26.698977,24.839965
34390,23.764969,24.638577
34396,25.069335,22.945851
34404,26.692744,26.072803
34426,30.646025,30.182477
34497,31.405954,26.367869
34518,28.054774,25.566893
34521,32.269517,26.903444
34536,27.516118,28.943848
34576,25.909023,23.093051
34611,14.668149,20.620532
34630,24.639149,27.032707
3464,30.332815,26.567641
34643,28.998973,27.897556
34644,29.024586,23.746695
34659,33.473786,30.964191
34669,32.213100,32.322993
34716,24.824320,26.286973
34729,28.106396,28.449263
34733,32.068930,31.862621
34758,23.052368,21.231324
34770,23.758484,23.591262
34796,25.238059,26.497591
3480,27.600771,28.476012
34822,25.765542,25.712261
34833,29.660896,24.312452
34876,24.800348,24.103549
34886,24.049180,23.846017
34887,24.438377,23.242486
3491,31.463704,34.303537
34971,22.416199,20.052126
34982,28.704387,30.531753
34984,25.938175,23.841849
35010,24.536033,22.230459
3502,30.066152,33.164578
35021,26.216503,20.616266
35027,25.369677,23.524866
35030,22.388220,20.001938
35039,28.607782,23.003984
35043,27.283128,23.905388
35059,27.807559,26.632297
35062,27.702399,27.005327
35066,29.639609,24.684257
35090,16.804357,16.414273
35094,15.185448,18.069548
35098,21.984647,22.261172
35169,21.323479,18.914197
35198,22.575650,22.060827
35204,24.558074,20.692141
35239,25.380010,21.817082
35247,23.528339,23.948622
35275,20.470900,19.049848
35283,24.610616,21.716335
35290,24.730439,21.221933
35294,26.840429,27.901672
35299,22.928220,23.657956
35323,22.408964,22.431236
35328,22.224276,19.612216
35346,21.337424,21.904330
35353,22.989255,21.026463
35362,25.277233,22.648804
35404,27.272139,22.782682
35414,28.176499,27.229730
35436,25.089518,25.069556
35456,26.976791,25.907012
35460,24.524911,23.813439
35482,23.643678,21.218542
35497,19.981497,22.991269
35510,22.475811,25.320560
35511,21.013134,23.544376
35515,21.696524,20.696113
35519,20.525132,20.731122
3555,22.065812,23.560695
35567,26.750038,20.707368
35571,27.371926,18.559120
35580,27.712628,26.771470
35586,27.123881,31.255165
35602,27.069167,26.749608
3573,25.482659,24.349682
35892,28.106397,28.907274
35900,22.665600,16.551317
35938,26.723540,26.263844
35942,24.995053,23.084788
35943,24.701971,22.875031
35945,23.338673,20.613914
36040,26.845823,23.338826
36057,25.566974,24.274478
3608,21.105386,24.729307
36087,22.181007,22.507587
3610,26.529938,25.195598
36135,27.394243,25.866491
36168,22.409818,21.165026
36175,22.439830,21.353398
36201,22.955892,21.581100
36211,27.207928,28.579235
36222,25.626081,26.384021
36243,32.614676,28.998493
36270,23.286534,24.249147
36277,23.944500,23.427706
36284,27.077972,22.715420
36298,27.339841,24.435561
36327,24.162277,23.745096
36340,26.441091,27.623714
36342,24.591607,28.417885
36343,24.723302,24.514253
36389,31.511898,28.035690
36407,28.349764,25.906471
36419,26.375458,24.357601
36429,20.278899,18.464999
36464,31.937583,30.936986
36475,30.156986,29.706562
36482,28.055527,23.771323
36508,27.937927,29.063604
3651,28.877525,28.364650
36510,26.543427,26.918129
3652,28.599454,29.704859
36526,31.819465,30.196213
36546,28.400707,28.205529
36580,26.737946,24.395140
36582,26.319243,25.286614
36594,31.017370,27.855007
36601,30.069743,28.949913
36606,26.163256,30.520856
36627,29.960382,26.266033
36657,28.398133,25.875793
36682,34.234465,34.308663
36690,27.722325,25.625224
36692,28.159807,26.351562
36699,28.196432,26.278109
36727,28.129083,24.835219
36730,28.202174,25.534122
36752,23.056485,25.821880
36784,28.107385,27.091189
36804,26.506484,24.823942
36821,29.569754,28.731681
36825,30.917851,27.939468
36848,28.311258,28.143074
36861,29.693192,26.544027
36878,28.500810,25.135033
36886,29.928034,26.933940
36897,29.201014,27.760562
36898,29.570488,27.904871
36900,30.105765,29.270193
36909,30.225670,31.405726
36926,25.936857,21.007162
36937,26.780566,25.178652
36951,25.847408,21.954075
36970,25.910925,28.646564
36975,27.737903,31.265818
36976,29.510345,20.033049
36992,26.918224,19.781550
36998,26.895624,26.164013
37017,26.850343,27.768911
37023,28.775028,28.869222
37036,28.049565,26.221618
37060,25.616966,32.080220
37078,24.174415,22.763588
37081,22.834249,22.594036
3712,29.926593,27.998125
37122,13.944463,17.909753
3716,30.632097,27.785899
37160,27.108465,27.108465
37164,23.749911,23.751228
37198,31.793681,35.225565
37233,28.526757,26.245400
37251,24.783471,23.342435
37253,27.428012,24.258768
37264,28.464628,23.302252
37273,28.224049,26.859515
37298,26.136474,29.086876
37339,33.197377,29.594129
37356,31.629914,24.625877
37359,32.295291,25.259220
37379,28.890710,24.738332
37395,31.489199,28.264688
374,31.419011,30.627234
3741,30.459157,36.665587
37415,25.419083,25.395578
37429,30.918578,30.911020
37436,25.696165,25.726387
37444,18.981823,18.982663
37446,20.357351,18.868588
37447,27.732470,27.732470
37501,29.651449,20.914053
37505,30.990276,29.978995
37520,31.354997,27.712839
37547,29.787714,26.966128
37548,31.361914,25.715389
3760,28.927902,28.819364
37600,32.155962,28.714889
37613,25.064814,26.279205
3762,26.398786,28.717267
37629,31.777848,30.568520
37641,27.952595,29.250635
37655,26.803333,28.691778
37665,25.073925,24.174720
37683,20.072302,23.740746
37686,19.990044,20.339527
37701,22.495267,22.590395
37754,29.662857,29.070444
37783,28.319205,28.319205
37792,24.701448,24.512871
37793,25.316278,24.202040
3781,27.263454,24.743817
37845,27.692948,27.621796
37850,27.740311,27.741978
37874,28.337931,28.407075
37876,25.861309,28.020528
37883,28.037382,28.239225
37925,25.176384,24.963656
37928,24.964952,24.830512
37931,25.371734,24.872185
37933,24.258334,23.711408
37961,26.466558,25.346712
37963,26.395364,29.124711
37990,30.248508,28.445774
38017,41.738070,41.738413
38079,26.821050,26.104600
38101,30.984123,28.084487
38110,28.940052,29.823598
38120,33.726003,29.666425
38142,34.607079,32.955218
38148,32.815084,27.198781
38170,30.480060,30.814287
38176,26.962414,23.037934
38177,27.619530,24.169933
38191,25.368933,25.525724
38209,31.800044,28.540463
38215,30.753637,28.496364
3822,26.213349,34.729575
38245,29.676158,27.950255
38281,26.975827,25.856931
38341,28.778393,27.821560
38349,25.677109,28.931680
38362,28.839927,26.012258
38371,28.101610,24.655712
38372,26.517252,24.136478
38381,27.641220,27.660785
38396,25.538416,28.161748
38425,29.847901,31.837790
38516,22.390254,23.022215
38529,29.183833,31.915081
38535,26.795646,25.393356
38536,29.898949,24.442090
38546,30.844504,33.163016
3855,29.542394,30.989833
38576,29.068044,24.601166
38584,29.693246,25.379180
38597,37.218770,41.203609
38605,36.262645,38.976217
38618,26.857235,39.410574
38619,31.670180,22.818823
38626,29.523772,27.303282
38627,33.252031,26.462382
38662,28.246598,28.620716
38683,25.392958,24.802375
3871,15.931531,11.893080
38716,34.397474,31.335059
38717,31.310912,31.371519
3875,14.349331,12.217117
38773,31.957496,30.058767
38776,31.682178,31.536145
38842,13.084024,18.552917
38879,18.844259,34.443869
38893,32.729793,29.819609
38922,30.290386,30.294865
38954,31.252854,31.116964
38981,27.928801,40.895464
38984,28.294178,44.462904
39014,31.014294,34.057999
39017,23.314227,20.079245
39056,30.602269,24.648451
39074,29.370933,29.147667
39087,29.911833,30.276946
39088,29.070696,33.387423
39100,30.924420,28.370742
39149,29.922298,27.990581
39180,32.835620,28.752380
39194,33.214225,33.595508
39214,33.414655,28.381646
3922,23.193171,16.871270
39230,15.957127,14.182799
39232,36.039512,36.421223
39282,33.342556,26.708743
39310,30.780733,31.470543
39329,27.538791,32.186856
39332,25.404757,26.063385
39376,29.392221,26.448386
39387,26.255251,24.975905
39407,23.022164,24.915476
39433,25.212314,22.025198
39460,27.660483,30.309425
3948,13.156478,12.844101
3949,14.202228,14.876390
39497,30.744862,37.338010
39498,33.829662,30.029826
39503,28.949634,27.298477
39525,30.196647,32.610012
39557,36.214378,36.455130
39564,25.084022,36.476692
3957,15.135630,17.468212
39583,32.835146,37.027815
39590,31.456299,31.865242
39628,36.627802,34.072925
39642,31.747367,27.406339
39667,33.681356,34.395700
3969,16.415192,16.854931
39712,36.937199,37.965166
39716,30.427515,29.803276
39740,32.304714,32.578492
39744,30.992281,27.475522
39759,29.962344,28.494766
39776,30.490773,30.533748
3978,17.009712,12.389046
39792,26.535821,32.654538
39800,25.922860,27.547721
39804,27.837174,27.341723
39829,26.798434,26.320074
39839,29.138677,30.767075
39878,30.925727,30.263631
3988,15.991547,14.037543
39948,33.932599,31.441994
39953,32.084783,31.175164
39956,37.568401,32.084896
39969,33.792729,50.167848
39988,34.058512,36.009825
39989,35.865034,31.254038
40026,36.634141,34.435960
40045,36.199861,38.470089
40064,37.532191,37.532191
40071,39.252885,36.243864
40102,34.720879,37.609436
40110,41.639631,40.755693
40118,37.559348,48.651106
40122,38.392701,33.556815
4013,16.142840,15.830761
40152,38.824524,42.152334
40162,32.896059,34.028144
40172,28.931789,24.290027
40206,34.628710,28.324445
40242,28.121209,34.975650
40263,37.899313,32.539752
40264,28.445922,40.904113
40283,31.665494,31.076885
40339,34.418301,31.745426
40343,36.831543,40.397212
40350,30.179907,28.957819
40363,30.287065,29.685275
40399,28.805517,31.701454
40417,32.307331,34.227594
40429,29.399702,29.557933
40484,33.999574,38.237036
40492,32.909845,30.705384
40509,31.766801,26.781415
4053,27.302205,25.034410
4054,24.739764,23.665392
40580,32.747374,31.461678
40633,30.793471,25.799085
40644,37.209119,37.212410
40675,37.733748,37.124170
40690,35.677938,35.677817
40701,34.590435,34.590435
40709,23.742840,23.743086
40717,24.202529,23.899368
40732,22.894583,22.178393
4075,31.928327,32.603095
4082,32.825334,34.353176
40888,26.258270,30.695764
40890,26.466805,31.802028
40921,38.495188,38.484977
40936,27.806158,27.106655
40965,29.602429,28.852224
41016,35.009882,36.563717
41018,31.941532,32.528522
41025,34.185252,35.106146
4106,37.960548,37.961439
41060,29.233389,29.746921
41063,30.217226,25.418366
41134,35.764419,36.333837
41141,34.738438,34.959763
41170,29.746499,30.691201
41204,31.750513,30.858940
41228,29.938201,29.938201
41245,33.143469,33.160319
4125,30.157800,27.774868
41266,36.872035,30.867909
41268,34.553412,33.827639
41325,33.309555,33.309555
4151,22.968886,21.852591
41573,22.702006,26.397500
41586,22.924431,22.924457
41587,33.097539,33.096641
41604,38.742656,35.678070
41610,40.034003,40.034003
41633,23.705088,18.042349
41651,20.779428,20.779428
41695,28.003149,28.951320
41703,26.848818,24.224351
41735,27.622639,26.899157
41742,22.679640,20.965040
41750,29.347156,29.188527
41763,24.652815,24.647666
41786,32.889344,31.105254
41788,33.407142,29.899040
41803,31.963619,31.963619
41811,31.023538,31.023538
41820,31.803846,31.803846
41837,19.201382,13.978201
41846,20.818639,20.712342
41853,36.991024,34.963958
41879,25.312458,26.796584
41912,20.980573,22.191536
41917,19.271108,20.114134
41921,41.308705,35.568034
41930,35.275155,35.875937
41932,43.448840,44.232373
41955,21.947176,31.404663
41967,27.859324,27.860607
42021,34.154720,34.099656
42054,29.869259,29.379762
4206,22.677041,23.202296
421,38.037743,38.037743
42117,18.074416,25.490943
42118,19.499997,18.982272
4217,27.396276,25.703846
4219,28.307154,28.870488
4220,28.340766,30.332158
42206,37.037772,32.127681
42241,29.991167,31.190157
42242,25.805651,30.690195
42244,31.020065,27.691176
42265,27.898649,27.375715
42297,34.104296,34.235210
42298,27.596501,23.844997
42315,40.429132,40.430632
42318,30.126143,23.662437
42327,27.801951,25.716459
42349,31.236405,25.143868
42360,28.109318,27.374955
4239,30.665141,32.113716
42392,30.352296,30.974418
42409,19.509953,18.977309
4242,32.962890,28.345916
42433,36.562849,34.035651
42434,35.086469,31.949858
42437,26.762041,26.830074
42441,28.663674,31.117264
4250,29.139017,27.291332
42532,21.572678,23.204769
42549,21.913491,20.971046
4259,26.260379,23.824092
42602,30.083608,31.283844
4262,26.785449,23.851650
42621,23.014783,19.753769
42633,21.769779,16.309061
42643,28.378708,26.561676
42644,26.797346,24.855954
42653,16.753693,16.331098
42674,27.543195,25.459796
42704,21.431167,18.928462
42732,20.981664,20.722862
42752,28.187115,30.087347
42755,22.237488,21.345319
42766,37.049838,42.787278
42793,26.912914,26.955073
4281,26.119120,25.854854
42824,26.211585,26.211585
42831,19.909626,20.856886
42833,19.828854,22.120258
42850,30.174671,29.093827
42859,23.954372,22.073965
42874,19.986633,21.943917
42881,8.345278,8.081401
42904,27.275395,27.263169
42909,26.007097,23.346241
4291,27.835103,28.496545
42910,25.986139,24.780451
42966,18.352381,18.699255
42986,23.807751,22.019738
43037,26.722184,26.722184
43073,30.521982,26.088012
43088,37.469904,37.475085
43113,32.075566,34.697233
4312,27.321125,26.106382
43126,28.215742,25.087872
43151,30.028121,27.601666
43153,30.022207,29.331832
43197,25.990342,25.459137
43221,22.236204,22.882008
43232,26.871759,25.807982
43233,20.546221,22.830635
43248,18.183188,20.394790
43251,21.036922,20.174778
43264,35.342896,35.341311
43268,30.423893,32.676766
43280,29.762538,28.138233
43285,32.649420,33.326667
4332,27.043534,26.069045
43324,31.637744,31.637744
43370,37.131337,37.131337
43381,37.233546,37.233546
43389,39.393257,39.393257
43400,38.204962,38.212704
43407,35.646033,35.646033
43409,35.692994,35.692994
43425,31.758069,31.758069
43453,25.435699,25.435699
43474,27.329823,27.329823
43508,33.492093,33.492093
43518,34.868690,33.680065
43519,35.757306,34.462139
43536,33.182441,33.182441
43541,33.203606,33.203606
43560,26.565052,26.565052
43562,34.829732,34.835555
43566,26.863528,26.863528
43596,36.859507,36.859507
4362,27.243414,26.213125
43631,33.513394,33.514226
43645,33.698179,34.536657
4365,23.993709,24.049046
43654,31.306594,30.179045
43680,27.184997,33.926595
43682,30.037554,27.087875
43699,32.548167,32.995431
43700,32.828920,34.969731
43736,21.788982,33.989997
43737,29.029468,23.228138
43745,31.625590,25.209995
43775,43.194274,43.194274
43787,32.533021,31.518502
43800,31.364065,29.220051
43815,30.228515,27.466885
43846,20.918088,26.477053
43858,22.487399,16.905638
43868,24.951972,15.523419
4389,26.178678,23.839226
43895,29.280247,23.583588
43904,21.618677,16.955848
43931,22.787846,20.210509
43933,22.119388,20.242862
43936,25.639215,21.626790
43937,26.511856,21.551915
43955,23.420968,21.131866
43962,28.050280,24.935139
43965,23.348079,24.503440
440,34.632140,34.632140
44024,34.938234,35.640105
44067,26.625156,21.167421
44077,19.884608,19.493769
44082,19.793540,20.099606
44108,22.119088,20.555856
44116,20.571322,23.307420
44149,36.621140,36.254078
44160,38.617888,39.701773
44175,29.045612,30.473932
4420,21.992354,19.892424
44200,32.443514,33.510239
4421,21.473144,24.558684
44217,30.072372,29.725067
44242,32.862953,32.862953
44258,30.135371,28.979856
44276,27.129760,21.260993
44306,24.336157,21.790003
44315,26.107703,25.364777
44344,28.540534,20.498866
44395,27.301955,25.922547
44426,18.549958,16.192187
44476,21.215274,20.575512
44492,18.952669,19.976231
445,34.564914,34.567969
44510,19.397684,21.998777
44517,22.809932,20.130342
44525,22.164328,20.721713
44535,21.662860,18.731035
44569,18.514433,13.547110
44601,13.989843,13.764040
44618,14.089890,11.602898
44639,17.715654,15.478252
44706,16.738982,14.932270
44722,13.244464,14.109774
44740,21.095802,19.147958
44762,33.484061,33.496693
44776,13.829915,14.012102
44781,19.832110,13.510555
44782,16.496886,16.960347
44792,24.551707,27.913104
44805,17.803341,16.550442
44809,17.604339,15.723403
44830,20.516833,24.190630
44835,21.526763,17.702960
44882,19.904013,21.972686
44896,17.906610,17.304641
4494,26.072672,24.015730
44958,10.955311,9.739671
44975,20.198647,17.709737
44985,19.374032,17.885675
44990,21.629707,14.399953
45004,17.366753,15.989481
45040,15.660383,13.659627
45056,15.973062,15.422342
45103,25.203553,26.359920
45113,12.457057,14.249022
45118,22.543681,21.128508
45123,18.245804,16.770522
45161,15.255226,10.331007
45170,16.803150,16.665726
45177,18.253623,17.148257
45226,14.357840,12.707802
45227,15.320626,12.992931
45254,19.324520,18.449904
45290,14.478813,12.202852
45361,36.623469,36.608982
45383,36.693397,42.999945
45388,39.023806,39.023806
454,33.043459,33.045718
45409,11.451173,11.933956
45417,28.390649,21.838684
4542,31.248619,29.532793
45420,31.771517,29.808365
45462,29.989261,29.989261
45469,31.875923,31.882812
45470,28.909918,28.914485
45508,20.349734,20.351008
4551,29.046432,29.649739
45665,26.838182,16.917144
45670,24.745954,20.751696
45684,42.820772,42.820772
45685,43.133616,43.133616
45692,27.260700,27.260700
45704,24.691298,24.694335
45748,28.702002,24.548686
45758,16.320663,18.722301
45774,13.239035,16.558998
45787,29.095485,26.379123
45809,21.928341,24.694997
45812,8.402057,6.760316
45869,32.789310,20.511108
45872,27.630797,12.505177
45873,20.100205,17.141938
45875,21.706056,12.873778
45883,13.088504,20.944671
45904,38.888425,18.629794
45906,33.057842,27.290500
45907,24.084951,15.492369
45913,14.724721,16.428082
45938,21.203055,19.842019
4603,29.327564,30.248189
46041,15.640282,16.764940
46067,23.895261,26.659047
46076,34.859353,35.816109
46078,38.253495,40.665963
46090,35.070743,35.073315
46094,21.244316,21.244253
46108,20.092376,27.324286
46118,19.858285,16.581579
46147,19.966453,19.966453
46153,19.814053,19.814567
46170,16.893700,16.893700
46174,27.907225,27.905585
46192,27.390697,34.174416
46193,21.687150,23.398115
46215,16.594759,17.240263
46224,13.718056,17.814115
46226,15.926930,19.771706
46252,11.957045,11.958556
46273,25.501537,33.899591
46277,26.265385,27.062909
46284,28.472338,28.222456
4631,34.632963,33.975826
46337,24.049980,24.819473
46352,31.643186,32.813849
46384,19.827147,22.003182
46390,23.679623,22.037155
46402,24.286820,23.531643
46419,29.825915,27.605855
46427,19.963898,40.746570
46457,26.708628,23.645272
46462,24.562667,26.733997
46476,21.621317,21.631116
46482,22.046065,22.046065
46527,28.955792,28.803741
46562,25.966604,35.549558
46603,32.393550,32.393550
46653,27.428338,26.887407
4689,30.344254,28.890725
4706,30.559707,23.415243
4707,29.114028,24.694404
4713,28.749240,28.761529
4724,29.763286,27.334526
4751,34.490240,26.821790
476,19.654719,19.656633
4770,27.659100,27.360965
4779,26.706696,24.002219
4795,22.944533,24.095648
4846,27.267810,23.833762
4856,30.917763,22.339398
4898,27.785721,27.307769
4901,24.019093,27.357199
4977,23.565130,23.777701
5000,20.788033,21.823043
5013,27.215820,27.544121
5018,30.691699,34.718551
5047,34.096007,33.988518
5048,31.025015,28.862138
5049,30.785287,32.060885
5058,27.712874,28.559366
5066,33.530999,28.156794
5104,14.985042,16.891062
5120,17.657429,18.585831
5128,15.307310,17.173335
5140,19.030933,28.092812
5156,26.522133,19.188073
5163,28.534049,21.717378
5176,27.297255,17.151155
5189,19.078597,14.893111
5201,17.914127,14.411920
5205,16.452575,15.027158
524,26.201612,26.201612
5241,27.630079,16.403712
5242,17.992337,17.530509
5258,15.648602,18.135401
5320,13.191497,13.783781
5358,16.767934,19.746623
5390,23.961292,24.354318
5399,32.035362,29.785108
5405,29.251289,27.166827
541,28.033182,28.039733
5413,30.899375,28.420597
5444,29.828069,28.275272
547,28.438158,28.438158
5494,26.384624,25.182272
5496,26.259440,25.067126
5513,23.882459,23.113527
552,28.889775,28.892659
5564,31.157218,26.709004
5578,28.238691,26.056835
5611,31.885354,31.906254
5632,24.222422,30.671537
5634,31.251550,26.986869
5636,33.029562,32.096602
5654,30.305555,28.685035
5672,24.541893,22.715518
5682,23.285657,23.783105
5712,25.632771,27.340311
572,20.277286,20.277286
5743,28.556513,26.972773
578,29.159295,29.159702
5789,27.867924,28.221325
5805,28.161708,31.434972
5817,30.271618,31.218057
5822,29.471115,26.952930
5856,33.483908,30.554067
5872,29.722376,26.656615
5873,32.249417,27.663604
5916,29.589621,29.840297
5929,27.397886,27.371791
594,21.898464,21.898464
5999,26.856717,27.686371
6000,32.758049,32.780510
6068,26.226129,28.321364
6083,25.013399,31.238012
6093,26.234906,24.327977
6115,31.616955,28.240725
6148,30.725770,31.407120
6165,31.847999,28.818839
6192,25.170447,25.648522
6227,28.743536,27.890642
6242,27.315165,27.412819
6246,25.099911,24.225987
6253,25.495205,27.319332
6265,28.060377,25.165981
6300,34.344912,33.664506
6356,28.517816,29.834847
6377,25.321437,29.895649
6398,26.399186,26.587611
6399,28.842946,28.545864
6410,32.353970,32.803341
6411,36.155418,32.919816
6415,29.521110,30.386728
6450,28.997146,29.457362
6455,30.008278,29.456449
6505,27.747880,25.592794
6510,28.704963,29.607496
6540,26.263371,29.677141
6553,29.889984,25.047933
6621,33.688189,29.414373
6622,33.611832,35.038703
6640,26.241593,27.606321
6699,33.379031,38.026645
6700,34.036544,26.866599
6703,31.022597,27.466887
6732,28.542019,27.975024
6756,31.083899,31.142309
6757,31.998024,30.942415
6776,34.881255,42.182307
6789,34.492266,38.644564
6804,29.597590,29.021834
6807,26.046580,26.551838
6827,27.237017,32.475712
6847,24.939116,24.433038
6850,18.957836,21.610528
6853,18.211389,16.580954
6860,22.918914,28.170074
6864,30.820824,35.039188
6883,32.309566,30.379679
6889,32.930118,30.773089
6912,30.001899,31.072892
6915,30.736282,30.726942
6920,26.273026,26.992408
6931,27.557122,28.567084
6966,34.670399,27.729830
6995,29.843735,30.480251
6997,31.277572,28.916760
7012,28.549491,29.317121
7021,33.501165,30.033966
7056,30.649651,28.829602
7064,24.646010,23.673438
7065,22.280744,22.826470
7102,26.660643,23.894500
7126,33.577118,34.928569
7136,28.745583,27.549535
7223,28.480269,28.374015
7250,28.828601,26.610855
7261,32.790361,34.187634
7262,32.994191,36.819448
7288,34.588881,34.716985
7324,26.261646,29.041660
7326,26.724311,27.630879
7404,33.011766,28.095181
7416,32.532004,32.020022
7455,32.379027,30.852944
7478,31.395495,31.921520
7523,37.621181,38.671861
7661,28.572771,27.569126
7663,26.362224,26.740879
7687,31.276870,29.617771
7699,26.214881,24.932619
7710,17.814691,17.850806
7729,24.068368,20.549252
7739,25.188555,24.995424
7773,29.004961,27.506305
7801,23.255908,21.993940
7876,26.465354,24.697962
7937,26.014809,28.058204
7948,26.721133,25.782914
7949,29.254393,24.181900
7966,31.459630,29.118309
7973,27.747906,28.749110
7974,31.013131,24.974232
8036,33.001386,30.845193
8061,34.702470,32.158357
8083,30.734303,27.700207
8099,27.396349,27.331527
8102,28.722364,28.989171
8107,30.706078,22.395553
8112,30.815873,26.926915
8129,27.683710,26.729684
8150,23.470448,27.950359
8175,24.162943,23.555665
8190,23.821122,26.038975
8191,29.797677,22.810871
8194,27.884053,24.850530
8202,26.515007,25.372019
8219,33.930172,32.520669
8226,30.613397,28.822269
8350,35.034913,40.713307
8360,28.641959,29.130966
8416,31.759156,33.056205
8418,33.354275,31.368620
8423,31.079311,27.711696
8440,29.981663,34.814865
8478,36.472793,34.087091
8480,35.228391,35.778498
8519,34.849958,37.220291
8566,33.652021,32.408768
8573,33.362224,33.702740
8578,35.062045,34.416892
8589,32.263339,38.090844
8608,29.985605,32.216645
861,30.596541,29.606684
8651,30.568062,28.070931
870,29.346239,30.157144
8705,32.437107,30.238151
8783,31.434542,29.514077
8803,31.222915,31.186183
8811,26.859316,26.757190
8828,27.404785,29.871904
8834,25.752566,22.287528
8850,31.108666,31.483668
8895,24.868958,25.267357
8896,25.556676,23.896389
8964,23.950827,18.859594
8981,26.829204,24.318383
8982,23.871378,24.427982
9000,23.633769,23.341592
9014,24.556998,18.757977
9028,24.086297,18.043814
9075,22.994295,26.703448
9090,29.324534,31.119246
910,27.721679,26.321335
9123,29.234301,25.274107
9159,23.361107,22.568573
9163,22.965135,20.402267
9177,23.433844,23.181920
9194,19.406400,20.288247
923,23.674857,23.674857
9235,34.162358,30.421495
9237,31.337696,33.858285
9343,30.887044,27.991557
935,21.898464,21.901471
9360,30.726121,30.248946
9369,29.465975,29.396691
9384,27.446241,28.341121
939,20.836364,20.837010
9446,26.639242,27.194255
947,18.943827,18.943827
9486,27.237727,25.357103
9523,29.316025,29.605143
9527,27.677537,24.651118
9536,29.559690,29.168895
9539,29.110839,22.299601
9568,24.989019,29.164350
958,16.501671,16.501591
9584,29.091756,27.418622
9587,30.384425,25.352508
9592,28.145199,27.641490
9593,25.077516,23.952255
9603,31.485876,24.780732
9606,31.978344,30.369513
9608,33.296514,29.528611
9648,35.721344,27.359309
9661,36.080216,30.437780
9684,26.990870,26.351739
9697,25.870429,27.963080
9726,36.104168,27.287277
9738,39.004278,30.151337
9757,32.350366,33.123537
9760,31.821708,28.701390
9813,30.770149,29.678300
9819,30.239555,32.453995
986,21.570129,21.570129
9927,31.880175,47.153434
9989,19.433678,19.434439
