Frame ID, Proposed SSIM, Raymond SSIM
1001,0.973078,0.973078
10017,0.987916,0.998865
10020,0.993213,0.992904
10036,0.991841,0.989516
1004,0.948252,0.948252
10048,0.985022,0.985014
10076,0.995395,0.994429
10078,0.985576,0.991881
10103,0.981594,0.978607
10105,0.969616,0.974620
10110,0.977261,0.981693
10140,0.978297,0.979714
10141,0.976453,0.991799
1015,0.986056,0.986077
10156,0.993066,0.996781
10158,0.993347,0.995715
10162,0.991369,0.990360
10189,0.967012,0.974586
10194,0.979538,0.965449
10220,0.954822,0.953591
10235,0.924139,0.900723
10240,0.925783,0.915132
10241,0.944645,0.932092
10287,0.958736,0.961170
10299,0.969933,0.973043
10325,0.974020,0.986546
10338,0.977507,0.975013
10355,0.967641,0.969221
10368,0.981923,0.981562
10408,0.968188,0.965572
10413,0.975959,0.976390
10434,0.972335,0.968067
10439,0.965109,0.972260
10532,0.974260,0.982325
10550,0.990310,0.990563
10563,0.971904,0.970318
10622,0.974325,0.987364
10662,0.982287,0.984911
10675,0.987015,0.963657
10690,0.975470,0.967225
10694,0.983563,0.989402
10705,0.982500,0.980995
10738,0.984597,0.974607
10742,0.969247,0.963746
10748,0.969019,0.981670
10765,0.961933,0.944899
10806,0.989347,0.987907
10807,0.992313,0.994681
10816,0.983047,0.991962
10820,0.982973,0.980008
10828,0.983713,0.974540
10836,0.996335,0.978757
10853,0.992165,0.991815
10859,0.984001,0.976230
10889,0.990469,0.982554
10912,0.984973,0.980782
10943,0.974433,0.970717
10988,0.982447,0.984432
10989,0.970859,0.972405
11036,0.971119,0.977936
11076,0.980238,0.989847
11109,0.967709,0.980218
11121,0.984349,0.987458
11122,0.989035,0.991896
11151,0.985416,0.985783
11177,0.992828,0.982776
11179,0.993307,0.995922
11183,0.993592,0.985745
11189,0.971296,0.972134
11248,0.980574,0.983576
11296,0.975853,0.956760
11311,0.987793,0.976266
1133,0.980058,0.980058
11343,0.964538,0.986856
11440,0.992754,0.986877
11441,0.991705,0.979784
11446,0.985993,0.977910
11466,0.979107,0.970473
11488,0.987829,0.990957
1149,0.991352,0.991352
11504,0.980821,0.984903
11530,0.974772,0.981661
1154,0.992758,0.992758
1156,0.980671,0.980675
11579,0.984231,0.964878
11627,0.981561,0.979006
11630,0.991138,0.976892
11682,0.917203,0.916984
11715,0.995364,0.996639
11725,0.956975,0.952079
11752,0.976530,0.967071
11787,0.987210,0.993571
1180,0.977376,0.977402
11814,0.978976,0.983397
1182,0.980235,0.980235
11826,0.983372,0.977208
11827,0.985567,0.988206
11831,0.975241,0.987360
11845,0.986338,0.987196
11861,0.989597,0.988539
11877,0.993664,0.989147
11894,0.984964,0.981563
11979,0.993559,0.995891
1200,0.980959,0.981149
12036,0.978957,0.961154
12039,0.958452,0.964493
12069,0.974858,0.970275
12131,0.988060,0.975726
12135,0.982009,0.990647
12137,0.985418,0.984785
1214,0.977387,0.977388
12177,0.969037,0.958369
12206,0.955958,0.956341
1221,0.974347,0.974347
12210,0.954449,0.958142
12214,0.983647,0.972672
12216,0.986944,0.964461
12259,0.949422,0.955722
1226,0.979170,0.979187
12266,0.976677,0.973281
12270,0.984357,0.960990
12278,0.956437,0.977557
12287,0.977029,0.958210
12358,0.985469,0.985927
12363,0.991743,0.981029
12402,0.994310,0.998359
12459,0.982737,0.985069
12486,0.997258,0.997258
12507,0.996144,0.998242
12513,0.996940,0.995599
12515,0.994462,0.999214
1255,0.981080,0.981080
12562,0.960013,0.966513
12563,0.952364,0.984557
12604,0.987964,0.996583
12611,0.995967,0.996237
12646,0.994664,0.993656
12652,0.996507,0.993189
12719,0.989819,0.980825
12738,0.992080,0.996047
12752,0.992844,0.988139
12755,0.990477,0.989213
12769,0.996713,0.996538
12783,0.992679,0.992661
12786,0.994904,0.993554
12831,0.994192,0.994920
12845,0.995841,0.994397
12847,0.996725,0.997478
12853,0.995993,0.997169
12859,0.996968,0.997082
12868,0.999511,0.999511
12878,0.998403,0.999348
12918,0.995100,0.994924
12952,0.985510,0.986658
12968,0.982952,0.965626
12977,0.999451,0.999451
13017,0.965591,0.975846
13023,0.974711,0.967579
13029,0.965687,0.967906
13055,0.943929,0.914353
13063,0.980466,0.993895
13086,0.974487,0.972138
13109,0.982292,0.986923
13135,0.980134,0.979208
13141,0.928451,0.941422
13150,0.923975,0.930957
13207,0.843868,0.838459
13212,0.867503,0.888454
13237,0.920105,0.968917
13260,0.887851,0.894381
13263,0.877856,0.920133
13286,0.976593,0.982139
1329,0.977490,0.977490
13300,0.958906,0.922126
13307,0.916254,0.946758
13313,0.928318,0.927481
13397,0.941788,0.947201
13439,0.955083,0.933630
13448,0.964734,0.953902
13496,0.876550,0.939081
13526,0.967380,0.966914
13546,0.976620,0.967381
13566,0.987093,0.988727
13580,0.964063,0.978108
13582,0.971667,0.973417
13603,0.963656,0.966697
13623,0.986519,0.977053
13630,0.984029,0.964767
13646,0.977426,0.962494
13663,0.987909,0.980877
13674,0.973687,0.964517
1368,0.998401,0.998401
13705,0.918416,0.850011
13770,0.913331,0.927907
13789,0.977572,0.979366
13808,0.980364,0.978816
13809,0.970170,0.981789
13822,0.983730,0.980388
13836,0.971357,0.989923
13847,0.969458,0.983253
13877,0.982935,0.970487
13916,0.978607,0.976668
13954,0.974181,0.976885
13961,0.978660,0.976998
13986,0.981700,0.986340
1399,0.871545,0.840603
14025,0.984362,0.983823
14031,0.988058,0.989560
14051,0.984520,0.984813
14057,0.976448,0.975569
14112,0.979015,0.966197
14138,0.989183,0.991311
14139,0.966229,0.969118
14143,0.976781,0.980410
1418,0.974243,0.986738
14186,0.988254,0.985484
14205,0.993871,0.995213
14227,0.968625,0.972006
14244,0.976101,0.974625
14252,0.962036,0.967441
14260,0.983584,0.992798
14261,0.982476,0.977879
14300,0.987109,0.985335
14308,0.991848,0.992684
1432,0.987416,0.988096
14369,0.978241,0.993409
14379,0.986535,0.994552
14381,0.978592,0.992844
14387,0.982955,0.988634
14395,0.990568,0.992815
14415,0.992014,0.997779
14425,0.987093,0.985431
14431,0.970492,0.984335
1444,0.995558,0.992406
14488,0.994489,0.988052
14521,0.987181,0.997420
14553,0.983283,0.985881
14575,0.958068,0.968525
1460,0.981046,0.979279
1462,0.978812,0.977281
14631,0.982487,0.985103
14645,0.965266,0.966838
14661,0.979616,0.980031
14669,0.983871,0.984895
14682,0.980742,0.976392
14698,0.978112,0.977876
14707,0.987805,0.987639
14773,0.984736,0.991136
1478,0.965346,0.963048
14827,0.986743,0.983912
14830,0.975797,0.970433
14843,0.990188,0.987414
14864,0.975139,0.973208
14884,0.970646,0.959112
14889,0.971721,0.970206
14905,0.967981,0.972699
14928,0.985070,0.981408
14930,0.974360,0.982904
14963,0.979145,0.985704
14964,0.984870,0.987329
15005,0.985642,0.978202
15020,0.969120,0.975179
15024,0.968267,0.969225
15032,0.992460,0.983170
1508,0.991070,0.991070
15099,0.988227,0.990526
15114,0.983599,0.979099
15151,0.987608,0.984564
15159,0.992698,0.986045
15173,0.978118,0.974868
15178,0.987252,0.989552
15250,0.977054,0.968750
15290,0.976883,0.970569
15385,0.985002,0.982821
15391,0.986717,0.980447
15427,0.969534,0.957826
15431,0.950456,0.949191
15447,0.941206,0.950639
15450,0.930700,0.959984
15456,0.969954,0.970783
15464,0.972131,0.972487
15520,0.977507,0.973621
15532,0.975636,0.982780
15542,0.970264,0.974318
15547,0.980728,0.966414
15559,0.948840,0.930275
15586,0.914872,0.950253
1559,0.998558,0.998558
15620,0.968259,0.965095
15621,0.970479,0.960374
15660,0.987643,0.992031
15661,0.984457,0.977704
15686,0.947364,0.938256
15692,0.944376,0.931464
15766,0.988231,0.995635
15768,0.980829,0.981366
15780,0.979144,0.980683
15797,0.981470,0.974045
15811,0.986671,0.980680
15840,0.985211,0.964260
15842,0.985457,0.985319
15847,0.979245,0.980563
15864,0.983075,0.977284
15871,0.996965,0.992802
15877,0.984136,0.972974
15898,0.983456,0.979868
15920,0.989199,0.976069
1595,0.939772,0.932794
15957,0.949168,0.948019
15962,0.917272,0.911582
15968,0.818022,0.792720
1599,0.964844,0.970672
15991,0.973640,0.973585
15996,0.923555,0.896334
1600,0.968890,0.969558
16060,0.922916,0.975586
16069,0.950342,0.957138
16077,0.977801,0.975047
16096,0.985473,0.982270
16112,0.995347,0.992820
16130,0.981756,0.988703
16146,0.982836,0.982338
16177,0.994081,0.989390
16183,0.991053,0.993636
16189,0.985772,0.981069
16190,0.980576,0.985331
16205,0.989944,0.987403
16235,0.993649,0.997221
16248,0.985269,0.984608
16263,0.959038,0.961179
16264,0.957491,0.967794
16299,0.948940,0.965788
16311,0.976946,0.966231
16372,0.994441,0.995766
16378,0.987780,0.983167
16407,0.993106,0.994856
16409,0.994563,0.991667
16414,0.989353,0.992788
16419,0.983566,0.994158
16427,0.982012,0.982492
16437,0.987889,0.978974
16467,0.959469,0.952677
16477,0.967715,0.964517
16486,0.960946,0.966777
16502,0.961307,0.970198
16517,0.969898,0.972621
1652,0.996130,0.990418
16585,0.978402,0.983107
16595,0.994858,0.997734
16611,0.994153,0.996848
16623,0.987240,0.992464
1663,0.997368,0.998295
16634,0.985114,0.986431
16635,0.990017,0.987064
16643,0.985603,0.989551
16726,0.967302,0.936760
16729,0.971421,0.973322
16734,0.972705,0.970427
16741,0.955208,0.936644
16758,0.967778,0.963047
16805,0.937631,0.941809
16822,0.940728,0.920434
16828,0.951070,0.900571
16869,0.955929,0.957427
16900,0.953031,0.927756
16904,0.950990,0.965668
16926,0.975792,0.963229
16931,0.948869,0.977090
16938,0.974958,0.965731
16943,0.983855,0.982711
16948,0.958651,0.947422
16962,0.976621,0.969596
17012,0.906377,0.908125
17021,0.961945,0.965330
17047,0.938374,0.957721
17084,0.974554,0.959551
17091,0.974728,0.962090
17129,0.979058,0.977198
1714,0.994133,0.998877
17148,0.967658,0.963382
17162,0.971245,0.987107
17165,0.970894,0.974412
17180,0.979340,0.974706
17189,0.970726,0.968803
17230,0.977801,0.985107
17261,0.962961,0.982817
17290,0.964115,0.969125
17304,0.964546,0.952401
1733,0.974316,0.971904
17336,0.972149,0.958753
17339,0.962344,0.968529
17367,0.986321,0.971066
17406,0.975867,0.969917
17407,0.965263,0.951694
17427,0.969348,0.962009
17441,0.974175,0.987207
17445,0.968296,0.974572
17468,0.987468,0.985849
17489,0.961456,0.952854
17495,0.951004,0.951424
1751,0.993892,0.985404
17524,0.988102,0.984361
17559,0.974519,0.974607
17560,0.950874,0.952896
17564,0.966838,0.958797
17582,0.973283,0.977278
17586,0.973817,0.973020
17599,0.981207,0.980504
17614,0.977431,0.978019
1762,0.988913,0.920801
17632,0.968859,0.972904
17636,0.978580,0.982918
17655,0.994503,0.989706
17659,0.973412,0.971036
17662,0.962340,0.958448
17675,0.955587,0.963632
17682,0.977722,0.962303
17684,0.949500,0.962041
1772,0.987601,0.912506
17723,0.973045,0.971200
1774,0.944924,0.974169
17777,0.973950,0.974344
17786,0.978606,0.971681
17812,0.938831,0.951260
17830,0.986854,0.989362
17833,0.977851,0.980615
17834,0.976848,0.974437
17853,0.967899,0.954498
17868,0.936260,0.927733
17926,0.936551,0.932923
17936,0.936538,0.937481
17949,0.928878,0.983524
17954,0.944903,0.949744
17963,0.973783,0.970818
17967,0.972675,0.968250
1797,0.987509,0.939854
17977,0.985928,0.987242
18004,0.974635,0.963130
18006,0.975960,0.966871
18009,0.970806,0.977600
18038,0.988280,0.984167
1804,0.932683,0.922764
1805,0.927118,0.950599
18073,0.977613,0.981345
18098,0.981653,0.982814
1810,0.919406,0.955076
18158,0.934622,0.974293
18176,0.941859,0.941528
18177,0.937573,0.927748
18197,0.954253,0.959733
18202,0.956211,0.973005
1823,0.986368,0.940279
18243,0.959837,0.965791
18259,0.976476,0.994236
18263,0.969079,0.987899
1830,0.939700,0.978018
18350,0.985158,0.986199
18389,0.956675,0.940439
18429,0.976301,0.973738
18435,0.975809,0.973865
18464,0.979985,0.995216
18465,0.984584,0.983469
18516,0.977752,0.963930
18520,0.972751,0.965633
18570,0.965721,0.958239
18580,0.959599,0.971193
18679,0.965539,0.976961
1870,0.980774,0.918416
18746,0.991138,0.991312
18756,0.984210,0.988258
18765,0.919955,0.946297
1877,0.905141,0.898171
18807,0.981092,0.979306
18828,0.953115,0.943071
1883,0.976255,0.947815
18836,0.974081,0.976101
18837,0.974545,0.974203
18878,0.979947,0.980980
18901,0.883722,0.881817
18911,0.938788,0.971765
18969,0.954217,0.973006
18997,0.955639,0.974272
19007,0.959655,0.976692
19027,0.966541,0.967012
19035,0.973213,0.970758
19052,0.964339,0.934769
19082,0.944368,0.919902
19087,0.972338,0.920880
19148,0.936473,0.899249
19152,0.916713,0.917078
19155,0.930258,0.906965
19172,0.925833,0.931595
19178,0.922746,0.911490
19210,0.941491,0.929202
19216,0.933992,0.915053
19221,0.943130,0.931466
1924,0.910684,0.897259
19296,0.969648,0.959435
1931,0.979147,0.897481
19311,0.944662,0.932295
19325,0.989948,0.988641
19386,0.978395,0.989195
19405,0.988924,0.958448
19407,0.967559,0.961636
19415,0.985753,0.968795
19421,0.969963,0.967035
19434,0.982988,0.965952
19477,0.981517,0.977283
19484,0.979194,0.992419
19508,0.985620,0.986955
19516,0.991934,0.993242
19517,0.988085,0.989411
19519,0.985191,0.977929
19531,0.941654,0.939549
19533,0.964387,0.964186
1954,0.995620,0.989305
19547,0.969107,0.940439
1955,0.995051,0.986818
19550,0.963884,0.955386
19552,0.970710,0.947198
19559,0.972280,0.943606
19599,0.974241,0.963041
19600,0.980525,0.955255
1962,0.998935,0.993250
19637,0.978707,0.982351
19650,0.967202,0.968841
19658,0.984118,0.993164
19664,0.975192,0.977113
1969,0.996060,0.994063
19705,0.985976,0.985352
19716,0.994154,0.997139
19722,0.986551,0.978006
1976,0.976224,0.967169
19764,0.976810,0.973612
1979,0.969249,0.937013
19836,0.976972,0.988088
19854,0.976848,0.966535
19911,0.981779,0.975568
19957,0.968027,0.969802
19965,0.984898,0.983630
19968,0.981211,0.985871
19993,0.986742,0.981804
20007,0.945148,0.958752
20013,0.971791,0.951871
20028,0.972246,0.969916
20030,0.960906,0.978547
20069,0.948813,0.945889
20071,0.951889,0.937574
20093,0.977074,0.949395
20102,0.981126,0.954781
20105,0.965639,0.953279
20116,0.973994,0.950876
20121,0.956103,0.919181
20152,0.982550,0.985148
20174,0.992157,0.991369
2018,0.967875,0.987549
20186,0.973610,0.981178
20209,0.968797,0.948445
20232,0.967726,0.947736
20244,0.939331,0.932559
20264,0.975392,0.972919
20268,0.984379,0.975847
20270,0.984367,0.976719
20272,0.981247,0.980499
20276,0.974313,0.973952
20327,0.968266,0.933845
20351,0.989303,0.974691
20364,0.993827,0.974635
2040,0.939089,0.950295
2042,0.930377,0.908143
20449,0.977322,0.992694
20463,0.989722,0.979837
20484,0.977033,0.982924
20668,0.986853,0.975937
20674,0.983020,0.971209
2068,0.864717,0.849644
20689,0.971361,0.957449
20691,0.966735,0.936070
20721,0.990965,0.991155
20727,0.984759,0.974047
20728,0.987880,0.992161
20731,0.985348,0.973561
20740,0.987463,0.982539
20762,0.982662,0.977945
20780,0.980757,0.981139
2079,0.977446,0.898094
20821,0.976028,0.977663
20868,0.976546,0.962013
20933,0.987871,0.990951
20941,0.965068,0.971694
20955,0.983737,0.953777
20969,0.973531,0.952766
20970,0.971063,0.977621
21010,0.983156,0.963832
21034,0.949609,0.957801
21043,0.984150,0.963107
21090,0.958616,0.978590
21129,0.952542,0.962502
21132,0.983996,0.974063
21133,0.963560,0.961474
21140,0.965079,0.957542
21162,0.960586,0.945589
21198,0.976074,0.942484
21230,0.945399,0.954618
21246,0.957586,0.925061
21314,0.954998,0.959898
21316,0.959330,0.973228
21345,0.955478,0.929383
21351,0.921113,0.919285
2136,0.862399,0.833681
21371,0.932298,0.919352
21378,0.888219,0.917796
21383,0.971769,0.952160
21389,0.940182,0.924232
2139,0.803794,0.863994
21398,0.929039,0.973950
2141,0.857986,0.861184
21412,0.938733,0.933208
21459,0.941208,0.944086
21562,0.974465,0.932758
21564,0.971389,0.930543
21642,0.980071,0.969907
21664,0.973806,0.937922
21666,0.949714,0.949074
21679,0.955362,0.927971
21680,0.963801,0.939158
21694,0.940984,0.946746
21749,0.953917,0.935814
21751,0.948892,0.966586
21753,0.954998,0.955893
21806,0.972644,0.942415
21827,0.944923,0.906517
21875,0.969553,0.960697
21896,0.980084,0.978523
21904,0.970216,0.963334
21907,0.968375,0.969314
21937,0.957060,0.968644
21945,0.957886,0.955455
21969,0.965037,0.965560
22002,0.959153,0.960492
22011,0.961794,0.959493
22012,0.950958,0.933878
22020,0.952640,0.943427
22028,0.951961,0.910790
22040,0.962985,0.952662
22090,0.982595,0.986707
22091,0.974806,0.972501
22098,0.947063,0.944793
22128,0.968189,0.976287
22160,0.916966,0.897775
22163,0.926602,0.929491
22169,0.913039,0.892453
22189,0.901256,0.932314
22204,0.951988,0.911732
22206,0.949918,0.930277
22213,0.964393,0.953278
22220,0.971140,0.980105
22230,0.985211,0.983245
22241,0.939060,0.916197
22262,0.939152,0.920491
22288,0.972722,0.978521
22291,0.966627,0.952768
22302,0.956407,0.959556
22305,0.974352,0.983680
22380,0.976881,0.976351
22386,0.973933,0.981645
22400,0.972726,0.984525
22405,0.986301,0.956342
22409,0.960720,0.969830
22413,0.981809,0.965861
2244,0.997333,0.997333
22462,0.970268,0.970207
22487,0.987337,0.973320
22530,0.952041,0.946710
22583,0.912082,0.948682
22607,0.950119,0.944732
22615,0.977555,0.965956
22618,0.957443,0.944753
22657,0.971490,0.959296
22683,0.957175,0.959057
22692,0.970898,0.961892
22729,0.943234,0.938174
22798,0.967418,0.981877
22826,0.981244,0.954829
22849,0.983675,0.968221
22860,0.986288,0.972489
22867,0.975481,0.957906
22893,0.977530,0.962269
22925,0.956880,0.963120
22930,0.953713,0.957847
22938,0.970949,0.960115
22942,0.930568,0.950652
22961,0.969967,0.963723
22995,0.791978,0.786770
23013,0.984008,0.975470
23015,0.973223,0.966581
23029,0.967641,0.980522
23053,0.956772,0.971988
23062,0.927628,0.920404
23080,0.992602,0.991292
23090,0.993082,0.997665
23121,0.993429,0.995180
23131,0.967385,0.978784
23148,0.970907,0.966965
23197,0.936362,0.941044
23212,0.979711,0.976386
23223,0.990761,0.979667
23227,0.974772,0.973444
23259,0.983329,0.979902
23264,0.971990,0.975837
23336,0.959008,0.947154
23350,0.917603,0.912264
23398,0.945830,0.929048
23413,0.945780,0.958774
23416,0.941769,0.958467
23421,0.931203,0.953246
23426,0.919913,0.905002
23461,0.959963,0.965655
23478,0.946358,0.967152
23539,0.917250,0.923440
23572,0.943953,0.953557
23614,0.979411,0.977637
23631,0.870100,0.857601
23646,0.912051,0.887956
23673,0.912678,0.950421
23711,0.916730,0.906223
23716,0.926092,0.922303
23721,0.918757,0.926156
23733,0.931562,0.951244
23738,0.961309,0.972695
23739,0.956029,0.971841
23770,0.939593,0.899873
23779,0.898656,0.910210
23782,0.893750,0.893467
23791,0.903499,0.906893
23799,0.934944,0.951348
23810,0.940123,0.932306
23832,0.938276,0.935324
23835,0.953167,0.953837
23850,0.953287,0.959028
23874,0.930673,0.954820
23876,0.964769,0.946207
23888,0.935187,0.916424
23920,0.955423,0.976317
23925,0.954881,0.951913
23931,0.961530,0.932821
23985,0.960652,0.943058
24028,0.959386,0.939986
24032,0.970334,0.960305
2404,0.940066,0.941616
24040,0.967614,0.975680
24100,0.934421,0.936395
24102,0.938777,0.928584
24105,0.959187,0.958088
24129,0.951345,0.930863
24132,0.866303,0.873494
24138,0.913587,0.936460
24146,0.906491,0.931286
2416,0.974401,0.928032
24170,0.925878,0.955806
24172,0.956873,0.925731
24195,0.935902,0.918101
24212,0.926401,0.932812
24222,0.883267,0.865859
2423,0.933235,0.944852
24246,0.885803,0.916358
24293,0.948434,0.905102
24306,0.955132,0.946200
24325,0.934060,0.952376
24326,0.940200,0.942889
24338,0.896542,0.876417
24346,0.906552,0.897212
24360,0.878090,0.870759
24370,0.903208,0.895726
24383,0.956280,0.960084
24387,0.958606,0.965158
24407,0.946772,0.976076
2445,0.939850,0.931459
24475,0.881994,0.887217
24487,0.903733,0.928053
24491,0.903318,0.911622
24504,0.910722,0.944566
24512,0.928670,0.959438
24546,0.945020,0.961615
2456,0.937173,0.927124
24572,0.957161,0.965224
24583,0.842690,0.940595
24590,0.858474,0.885223
24598,0.917616,0.924936
24629,0.958426,0.957769
24640,0.901233,0.933866
24664,0.927822,0.940051
24714,0.962093,0.966664
24721,0.971781,0.957078
2474,0.981335,0.925100
24756,0.938269,0.952903
2477,0.981430,0.934463
24781,0.946638,0.975769
24787,0.979784,0.980457
24841,0.949036,0.948194
24845,0.943145,0.968739
24856,0.953872,0.962905
24876,0.972641,0.964068
24879,0.960094,0.960277
24909,0.956858,0.950311
24921,0.968411,0.958194
24922,0.960657,0.960894
24948,0.932415,0.972898
24952,0.884867,0.905014
24968,0.967750,0.969420
24970,0.961042,0.923097
24978,0.962888,0.990440
25030,0.955340,0.967836
25056,0.938566,0.918038
2506,0.870004,0.909886
2512,0.980626,0.870051
25126,0.933446,0.945477
25139,0.924430,0.911791
25147,0.930997,0.928216
25151,0.942973,0.948042
25174,0.976992,0.983151
25179,0.975351,0.983058
25200,0.966700,0.970788
25229,0.977067,0.978862
25237,0.971287,0.976884
25262,0.964178,0.973034
25271,0.973192,0.971414
25278,0.968235,0.971295
25286,0.956888,0.943217
25295,0.895143,0.877367
25302,0.976180,0.964899
25309,0.959947,0.960049
25310,0.957379,0.959408
2534,0.900850,0.886760
25402,0.991684,0.991165
25411,0.977481,0.981453
25413,0.976486,0.977904
25418,0.972067,0.971946
25442,0.955912,0.969728
25446,0.961955,0.949017
25473,0.956706,0.960411
25482,0.967305,0.963974
2550,0.956525,0.951234
25526,0.919632,0.932817
25541,0.936907,0.929089
25625,0.936431,0.946161
25628,0.971835,0.969499
25629,0.960231,0.953216
25640,0.967052,0.952079
2568,0.876175,0.927059
25704,0.955842,0.958604
25719,0.934081,0.953041
25729,0.972302,0.973674
25733,0.975653,0.970223
25737,0.969058,0.981088
25744,0.984159,0.979886
25775,0.963753,0.958757
25785,0.944050,0.951800
25793,0.985628,0.967479
25864,0.961512,0.969505
25866,0.957004,0.975012
25879,0.943082,0.947096
25885,0.961164,0.962021
25890,0.956886,0.937009
25915,0.947809,0.946166
25920,0.977732,0.942988
25974,0.960822,0.942282
25977,0.934922,0.937076
2601,0.900997,0.842656
26022,0.958379,0.962704
26029,0.963567,0.929145
26044,0.968996,0.927836
26068,0.965867,0.953963
26103,0.950836,0.959087
26109,0.971885,0.944871
26111,0.929615,0.929222
26113,0.941399,0.979900
26134,0.967954,0.901051
26139,0.946621,0.951451
26166,0.957793,0.962202
26210,0.944162,0.939242
26225,0.979499,0.982991
26241,0.944582,0.942728
26243,0.976457,0.955352
26262,0.921335,0.923065
26279,0.897634,0.926312
26319,0.961231,0.983789
26333,0.945171,0.939857
26338,0.890369,0.962239
26341,0.841626,0.895688
26355,0.933910,0.930454
26357,0.912697,0.918097
26371,0.969566,0.970326
26386,0.973884,0.985331
26398,0.975148,0.979181
26410,0.970555,0.957177
26436,0.980484,0.963983
26470,0.945022,0.931468
26487,0.979368,0.966850
2649,0.858082,0.898757
26502,0.969546,0.943123
26505,0.927517,0.935816
26515,0.955945,0.960122
26543,0.983823,0.972268
26547,0.973913,0.949327
26560,0.963665,0.945126
26590,0.979215,0.938625
26601,0.935987,0.957924
26727,0.938452,0.939461
2674,0.979426,0.980693
26786,0.941565,0.940581
26793,0.945733,0.924891
2680,0.948754,0.945239
26802,0.984340,0.984444
26821,0.981887,0.991449
26830,0.943506,0.943020
26832,0.956632,0.934168
26880,0.950664,0.950746
26916,0.940404,0.944337
26963,0.972213,0.983944
27021,0.952902,0.970978
27034,0.940598,0.950309
27048,0.939502,0.913328
27050,0.944342,0.941331
27073,0.935055,0.913882
2708,0.961941,0.970345
27080,0.910764,0.896426
27091,0.931277,0.869654
27150,0.886384,0.906747
27171,0.905098,0.882643
2720,0.960458,0.922541
27203,0.942677,0.954801
27258,0.951597,0.958754
27280,0.945969,0.943856
27305,0.929427,0.927494
27326,0.930922,0.945300
27340,0.919996,0.918141
27341,0.934214,0.905722
27389,0.951435,0.903586
27413,0.932362,0.920076
27431,0.914573,0.957291
27456,0.897487,0.925661
27504,0.954981,0.903945
27517,0.896210,0.909923
27518,0.891101,0.893594
2752,0.961564,0.944640
27520,0.872087,0.906650
27546,0.942831,0.940685
27553,0.939724,0.946849
2757,0.917469,0.925155
27574,0.976278,0.957978
2758,0.922543,0.963390
27608,0.960582,0.963158
2761,0.919063,0.930573
27613,0.957042,0.949867
27616,0.967338,0.942879
2762,0.914585,0.943249
27649,0.970197,0.919431
27680,0.973767,0.970602
27686,0.911502,0.945632
27696,0.893844,0.893439
27700,0.880986,0.892114
27754,0.898080,0.902696
27769,0.968959,0.894447
2778,0.927454,0.910378
27794,0.907107,0.938118
27818,0.924013,0.922876
27838,0.937457,0.942214
27866,0.953091,0.950190
27876,0.896021,0.896919
27883,0.945907,0.894593
27948,0.913020,0.926651
27967,0.924670,0.952168
27986,0.876725,0.904441
27994,0.903475,0.903690
27996,0.959338,0.890889
28023,0.961283,0.943935
28060,0.895966,0.926498
28079,0.979393,0.906099
2812,0.936464,0.966261
28141,0.915083,0.919544
28143,0.915532,0.915101
28145,0.934408,0.944958
28181,0.984376,0.948362
28270,0.981332,0.911172
28276,0.903277,0.883392
28327,0.863362,0.878242
28342,0.939563,0.863620
28348,0.950268,0.961431
28366,0.937695,0.911098
28425,0.957882,0.882482
28436,0.958064,0.912621
28440,0.933870,0.917880
28469,0.885113,0.890135
28488,0.980948,0.895907
2861,0.891976,0.907223
2863,0.894460,0.890142
28633,0.947252,0.945752
28653,0.912660,0.937906
28664,0.913165,0.933764
28677,0.978460,0.971793
28696,0.943390,0.943014
28699,0.894360,0.927129
2871,0.986293,0.898598
28728,0.892422,0.888134
28735,0.883351,0.863720
28759,0.969864,0.934700
28788,0.951192,0.917320
28800,0.910150,0.921042
28812,0.891021,0.869581
28824,0.919700,0.944879
28858,0.941653,0.926106
28895,0.937435,0.965278
28990,0.940188,0.937983
29019,0.991603,0.991655
29025,0.969260,0.970834
2907,0.905466,0.922901
29082,0.939589,0.942417
29096,0.952076,0.951442
2910,0.890673,0.898223
29135,0.969665,0.959777
29170,0.978878,0.948198
29207,0.934125,0.966339
29210,0.959381,0.945541
29220,0.978982,0.935045
29226,0.978381,0.956727
29275,0.973594,0.968043
29339,0.946329,0.970552
29357,0.952626,0.952564
29389,0.946296,0.949404
29408,0.965970,0.934155
29409,0.968221,0.947008
29417,0.968043,0.970810
29419,0.979683,0.977230
2943,0.912324,0.920909
29436,0.966719,0.968120
29449,0.949619,0.942497
29462,0.960572,0.978462
29489,0.953285,0.974004
29499,0.966573,0.952812
29551,0.914074,0.916683
2956,0.937824,0.946436
29561,0.885475,0.902448
29569,0.909423,0.954660
2963,0.888888,0.926857
29633,0.965368,0.924501
29635,0.937320,0.934632
29641,0.924233,0.939105
29647,0.901453,0.957953
29706,0.904173,0.909912
29742,0.973574,0.919120
29754,0.976841,0.926709
29806,0.882614,0.923014
29909,0.975982,0.944481
29916,0.910798,0.949059
29949,0.953647,0.881939
29983,0.968284,0.942276
30002,0.952998,0.876558
30018,0.871869,0.870889
30052,0.951287,0.954933
30069,0.848824,0.803623
30082,0.951732,0.890610
30093,0.879447,0.892616
30098,0.956150,0.891980
30100,0.913582,0.937441
30102,0.940050,0.930326
30107,0.911598,0.965436
30185,0.967996,0.893424
30191,0.897071,0.892696
30213,0.860464,0.890984
30228,0.974591,0.924757
30281,0.960755,0.905398
30358,0.967280,0.943612
30365,0.916633,0.891432
30384,0.972293,0.960541
30385,0.971229,0.906885
30394,0.878000,0.956730
3042,0.939494,0.933793
30431,0.897342,0.898160
30452,0.899793,0.909150
30469,0.981070,0.928501
30493,0.898384,0.931701
30520,0.922732,0.955151
30527,0.940131,0.917485
30541,0.936207,0.948740
30556,0.931429,0.894819
3056,0.908573,0.911841
30609,0.972703,0.940242
3064,0.917614,0.903367
30647,0.954512,0.865857
3066,0.941079,0.937990
30663,0.923774,0.955235
30701,0.881815,0.880376
3071,0.946972,0.926536
30717,0.890674,0.887187
30723,0.900590,0.882131
30737,0.942064,0.931234
30745,0.943103,0.908047
30782,0.934107,0.870461
30792,0.897095,0.919010
30817,0.905011,0.920261
30825,0.904201,0.856280
30829,0.843128,0.872481
30839,0.915288,0.927289
30870,0.879319,0.912713
30874,0.900971,0.944770
30914,0.930981,0.935987
3092,0.980766,0.907973
30921,0.897746,0.934728
30945,0.944466,0.953686
30950,0.947014,0.965144
30995,0.903236,0.925743
31015,0.900167,0.952817
31094,0.887610,0.927015
31109,0.900504,0.903890
31111,0.916491,0.904243
31131,0.913815,0.921139
31152,0.924142,0.879997
31163,0.962837,0.909660
31167,0.899412,0.902778
31194,0.946483,0.912438
31260,0.970123,0.876291
31313,0.963254,0.945302
31314,0.953331,0.951459
31350,0.947846,0.893462
31358,0.916586,0.928634
31364,0.902831,0.891571
31380,0.924209,0.943769
31408,0.928760,0.902814
31424,0.898784,0.861445
31432,0.881647,0.871442
3144,0.963125,0.961173
31447,0.903406,0.839661
31459,0.923586,0.897205
31466,0.941385,0.887757
31490,0.869546,0.909591
31495,0.937553,0.919764
31555,0.888139,0.871280
31574,0.823068,0.875550
31606,0.938894,0.839846
31613,0.940855,0.936866
31638,0.943466,0.909236
31645,0.879177,0.902345
31648,0.957305,0.900952
31651,0.877057,0.927531
31695,0.948208,0.915770
31705,0.936868,0.918885
31711,0.974079,0.955324
31719,0.916010,0.908900
31744,0.960398,0.924342
31756,0.925592,0.927005
3176,0.979321,0.997360
31761,0.933974,0.914398
31765,0.955703,0.877825
31795,0.959029,0.909281
31796,0.937771,0.906996
31831,0.965087,0.942029
31835,0.951919,0.914517
31842,0.928052,0.928645
31854,0.961303,0.921396
31912,0.913413,0.914420
31922,0.921737,0.879565
31927,0.946825,0.941384
31948,0.972980,0.973905
31958,0.949265,0.942143
3196,0.960407,0.966411
31976,0.931094,0.929534
31990,0.944164,0.923955
31993,0.908517,0.914260
32029,0.913860,0.894214
32068,0.947412,0.892551
32087,0.959186,0.940599
32100,0.927765,0.934823
32139,0.851938,0.870499
32141,0.944059,0.903059
32142,0.954610,0.906309
32155,0.888871,0.909450
32165,0.907060,0.914881
32170,0.920785,0.915071
32191,0.953959,0.969335
32194,0.956823,0.906085
32210,0.922859,0.910774
32221,0.954225,0.944692
32229,0.929523,0.942736
32233,0.898016,0.932013
32265,0.950334,0.919192
32267,0.904915,0.927861
32273,0.951134,0.956207
32289,0.892658,0.947216
32300,0.895315,0.899295
32324,0.925160,0.923758
32360,0.945400,0.917182
32384,0.902870,0.854907
32408,0.920581,0.919377
32410,0.923349,0.928163
32439,0.964680,0.903673
32494,0.979549,0.925796
32500,0.946230,0.941222
32523,0.936932,0.935105
32547,0.924105,0.897102
32561,0.892584,0.889176
32586,0.948953,0.920325
32597,0.967224,0.952334
32622,0.962966,0.924446
32649,0.933118,0.947811
32670,0.934901,0.940062
32683,0.933575,0.920737
32685,0.928215,0.952596
32713,0.906712,0.954665
32733,0.939451,0.965976
32752,0.965316,0.954810
32789,0.960650,0.934044
32805,0.915681,0.921787
32846,0.940424,0.943204
32870,0.907163,0.930838
32947,0.923221,0.917449
32960,0.953887,0.950167
32970,0.942882,0.941880
32977,0.942437,0.949640
32992,0.950215,0.951983
32994,0.953885,0.965861
33007,0.976191,0.946921
33043,0.938108,0.934529
33049,0.928593,0.938358
33072,0.896899,0.949842
33125,0.922075,0.921106
33169,0.918702,0.948317
33204,0.981397,0.954996
33209,0.977991,0.935488
33214,0.947016,0.950645
33226,0.984451,0.952504
33257,0.976944,0.963506
33300,0.932476,0.967470
33309,0.934550,0.946973
33311,0.976189,0.959963
33320,0.979270,0.958570
33324,0.969935,0.962888
33325,0.971599,0.938807
33351,0.945573,0.957139
33358,0.948811,0.943580
33364,0.960163,0.958627
33378,0.947856,0.940522
33391,0.971970,0.948455
33422,0.969438,0.938368
33431,0.960436,0.913367
33469,0.941254,0.945639
33476,0.952861,0.971562
33506,0.926814,0.951870
33526,0.961115,0.966842
33530,0.947266,0.959266
33582,0.911894,0.920476
33590,0.901723,0.945390
3364,0.932332,0.962354
33642,0.949563,0.951072
3365,0.953117,0.958483
33656,0.983202,0.965467
33714,0.974092,0.954254
33721,0.969672,0.981927
33724,0.964964,0.933562
33728,0.972151,0.943611
33741,0.913798,0.978425
33749,0.970375,0.969893
33781,0.917063,0.941143
33787,0.932443,0.913540
33798,0.884839,0.907242
33800,0.893231,0.882483
33872,0.925371,0.883806
33877,0.893298,0.942952
33903,0.949949,0.871444
33940,0.934515,0.809872
33943,0.848155,0.911070
33958,0.898865,0.884597
33968,0.919411,0.903581
33971,0.975516,0.982144
34000,0.916366,0.924856
3402,0.970016,0.967377
34025,0.779775,0.805199
3403,0.959755,0.976393
34035,0.965655,0.940558
34040,0.950985,0.916471
34077,0.879018,0.917099
34079,0.894609,0.917793
34086,0.951516,0.862299
34091,0.940944,0.906552
34108,0.921559,0.883433
34127,0.953670,0.968851
34190,0.891534,0.868488
34226,0.979337,0.980619
34251,0.982119,0.978035
34254,0.973061,0.982712
34287,0.963735,0.961989
3429,0.976629,0.982264
34296,0.973299,0.967511
34323,0.945592,0.948490
34341,0.934737,0.941993
34357,0.967594,0.976615
34363,0.969351,0.959405
34381,0.960355,0.948979
34390,0.917441,0.941209
34396,0.955833,0.962443
34404,0.969469,0.974908
34426,0.981503,0.986357
34497,0.984140,0.966948
34518,0.969541,0.966928
34521,0.984972,0.960351
34536,0.958616,0.973141
34576,0.959247,0.929387
34611,0.753720,0.839595
34630,0.954362,0.965173
3464,0.961221,0.943189
34643,0.957180,0.963551
34644,0.960059,0.917153
34659,0.987209,0.980604
34669,0.981087,0.985210
34716,0.928177,0.961761
34729,0.957425,0.971865
34733,0.979253,0.978102
34758,0.871214,0.870147
34770,0.950835,0.951188
34796,0.946487,0.956702
3480,0.945296,0.964300
34822,0.949816,0.954422
34833,0.974000,0.936876
34876,0.939618,0.944100
34886,0.933527,0.935230
34887,0.932468,0.917918
3491,0.969372,0.978879
34971,0.904636,0.885335
34982,0.972014,0.982521
34984,0.956159,0.938499
35010,0.944553,0.910382
3502,0.986780,0.987018
35021,0.954957,0.908618
35027,0.955258,0.937225
35030,0.927561,0.912510
35039,0.975514,0.933208
35043,0.964525,0.932452
35059,0.966846,0.964466
35062,0.963671,0.966368
35066,0.979721,0.936935
35090,0.903515,0.913253
35094,0.881103,0.873031
35098,0.936282,0.925295
35169,0.885315,0.882777
35198,0.905320,0.906311
35204,0.940191,0.899400
35239,0.911101,0.860265
35247,0.894722,0.911443
35275,0.885421,0.877524
35283,0.936972,0.902307
35290,0.936865,0.913761
35294,0.949774,0.962251
35299,0.926627,0.934429
35323,0.922787,0.933245
35328,0.908198,0.889924
35346,0.894998,0.902839
35353,0.899974,0.907461
35362,0.937260,0.931008
35404,0.947010,0.939017
35414,0.949664,0.954080
35436,0.927018,0.923680
35456,0.934588,0.936057
35460,0.907266,0.923753
35482,0.881702,0.874096
35497,0.891379,0.932713
35510,0.936189,0.939566
35511,0.912992,0.945818
35515,0.928698,0.902754
35519,0.901615,0.921843
3555,0.949913,0.957107
35567,0.933736,0.939417
35571,0.933248,0.924009
35580,0.949727,0.956675
35586,0.950523,0.969637
35602,0.968322,0.957816
3573,0.945163,0.944385
35892,0.984279,0.985660
35900,0.938677,0.930941
35938,0.972297,0.969295
35942,0.951628,0.945946
35943,0.943967,0.943510
35945,0.941553,0.941886
36040,0.952484,0.929759
36057,0.945953,0.938620
3608,0.921691,0.948405
36087,0.913206,0.925588
3610,0.959709,0.954557
36135,0.963067,0.943463
36168,0.908256,0.906401
36175,0.908097,0.891889
36201,0.917774,0.902702
36211,0.956574,0.966788
36222,0.948596,0.972006
36243,0.985310,0.983171
36270,0.941717,0.926955
36277,0.935676,0.922068
36284,0.955005,0.923153
36298,0.952137,0.927489
36327,0.931217,0.932567
36340,0.969387,0.965481
36342,0.951719,0.967253
36343,0.945224,0.942108
36389,0.972099,0.951295
36407,0.964617,0.949469
36419,0.957419,0.950902
36429,0.885509,0.863863
36464,0.981557,0.975702
36475,0.971776,0.970525
36482,0.953902,0.920603
36508,0.954946,0.971404
3651,0.964030,0.970389
36510,0.951517,0.956975
3652,0.963115,0.964719
36526,0.977939,0.970060
36546,0.958620,0.960054
36580,0.963854,0.951643
36582,0.962138,0.954555
36594,0.978725,0.966425
36601,0.979467,0.977054
36606,0.964042,0.988895
36627,0.970324,0.965745
36657,0.965078,0.958171
36682,0.990594,0.990088
36690,0.967636,0.953143
36692,0.966504,0.969037
36699,0.972547,0.959150
36727,0.976014,0.952449
36730,0.979226,0.956809
36752,0.957162,0.961328
36784,0.954874,0.948742
36804,0.949524,0.948303
36821,0.974432,0.979645
36825,0.978830,0.979550
36848,0.976250,0.977552
36861,0.982630,0.968582
36878,0.972890,0.970614
36886,0.980446,0.974244
36897,0.968011,0.963614
36898,0.973277,0.960224
36900,0.972341,0.968262
36909,0.975046,0.982173
36926,0.952595,0.942989
36937,0.944960,0.949146
36951,0.942266,0.941644
36970,0.937781,0.964121
36975,0.950028,0.963297
36976,0.952583,0.943476
36992,0.939405,0.924080
36998,0.949843,0.952156
37017,0.955715,0.961397
37023,0.961293,0.963502
37036,0.968926,0.981114
37060,0.968872,0.983102
37078,0.939505,0.938592
37081,0.938477,0.935905
3712,0.965208,0.953820
37122,0.731378,0.752885
3716,0.972370,0.963373
37160,0.990492,0.990492
37164,0.981034,0.981052
37198,0.979450,0.988462
37233,0.952651,0.943528
37251,0.918378,0.946161
37253,0.943695,0.946500
37264,0.953564,0.918774
37273,0.947410,0.952286
37298,0.951158,0.962043
37339,0.983181,0.968299
37356,0.979262,0.929913
37359,0.980747,0.947490
37379,0.973666,0.980174
37395,0.983868,0.985995
374,0.989582,0.988210
3741,0.975538,0.990974
37415,0.969402,0.966906
37429,0.986215,0.986262
37436,0.971847,0.976746
37444,0.938288,0.936602
37446,0.951441,0.949350
37447,0.975574,0.975574
37501,0.972204,0.957113
37505,0.979356,0.971838
37520,0.977434,0.961461
37547,0.962364,0.949334
37548,0.971956,0.973813
3760,0.956721,0.954872
37600,0.984588,0.984432
37613,0.973910,0.974962
3762,0.923213,0.954785
37629,0.983058,0.971783
37641,0.972612,0.982589
37655,0.971830,0.985520
37665,0.971211,0.967782
37683,0.933668,0.957854
37686,0.939110,0.944139
37701,0.947812,0.952875
37754,0.973873,0.973858
37783,0.977879,0.977879
37792,0.963137,0.957950
37793,0.966375,0.966490
3781,0.946377,0.952484
37845,0.980526,0.978325
37850,0.978757,0.978751
37874,0.982929,0.982890
37876,0.977114,0.981026
37883,0.979300,0.979274
37925,0.961548,0.969993
37928,0.957788,0.962192
37931,0.966350,0.968407
37933,0.956951,0.962456
37961,0.971274,0.968683
37963,0.967878,0.982358
37990,0.982432,0.975595
38017,0.998071,0.998069
38079,0.969779,0.958079
38101,0.979393,0.969273
38110,0.972591,0.973748
38120,0.983800,0.973621
38142,0.981331,0.983671
38148,0.973802,0.958914
38170,0.974578,0.979196
38176,0.954083,0.924869
38177,0.954585,0.941577
38191,0.948687,0.956102
38209,0.985008,0.975503
38215,0.977838,0.958917
3822,0.928540,0.983572
38245,0.968959,0.959450
38281,0.954655,0.956981
38341,0.975872,0.973262
38349,0.965930,0.979185
38362,0.977935,0.965913
38371,0.975028,0.962973
38372,0.969694,0.959744
38381,0.982490,0.984326
38396,0.964923,0.978236
38425,0.973833,0.985199
38516,0.896540,0.903008
38529,0.968749,0.977128
38535,0.961245,0.947754
38536,0.968143,0.947989
38546,0.980492,0.986834
3855,0.973327,0.975539
38576,0.968592,0.954712
38584,0.971990,0.969167
38597,0.996980,0.998636
38605,0.988257,0.996138
38618,0.947960,0.990338
38619,0.974842,0.933645
38626,0.981932,0.974476
38627,0.993677,0.973306
38662,0.981880,0.981958
38683,0.966861,0.969260
3871,0.805771,0.791769
38716,0.992692,0.990670
38717,0.984159,0.984535
3875,0.788331,0.756170
38773,0.986643,0.985702
38776,0.983326,0.983235
38842,0.836773,0.902982
38879,0.921530,0.990627
38893,0.989514,0.986129
38922,0.996042,0.996026
38954,0.995691,0.992465
38981,0.993854,0.995624
38984,0.994332,0.999148
39014,0.982464,0.994828
39017,0.952052,0.950716
39056,0.982736,0.962553
39074,0.976403,0.981913
39087,0.974837,0.985850
39088,0.975664,0.988357
39100,0.980617,0.971587
39149,0.984734,0.980592
39180,0.981500,0.965267
39194,0.984152,0.986851
39214,0.984570,0.974680
3922,0.905423,0.881947
39230,0.864528,0.856893
39232,0.991672,0.992504
39282,0.986743,0.976300
39310,0.986074,0.988048
39329,0.961297,0.970175
39332,0.949902,0.952487
39376,0.968330,0.961831
39387,0.952129,0.953160
39407,0.947276,0.966472
39433,0.948799,0.943253
39460,0.965611,0.981728
3948,0.758034,0.769727
3949,0.765119,0.830827
39497,0.977821,0.990483
39498,0.988107,0.979975
39503,0.974041,0.973155
39525,0.980036,0.990522
39557,0.996153,0.997443
39564,0.968830,0.992758
3957,0.826361,0.835970
39583,0.985465,0.992418
39590,0.987566,0.986441
39628,0.988544,0.983619
39642,0.978058,0.971231
39667,0.986428,0.987016
3969,0.891497,0.889350
39712,0.994245,0.995358
39716,0.985596,0.985226
39740,0.987049,0.987404
39744,0.982621,0.975588
39759,0.976639,0.976081
39776,0.982594,0.982132
3978,0.838194,0.814767
39792,0.965470,0.990146
39800,0.962454,0.969312
39804,0.964024,0.967129
39829,0.951341,0.949487
39839,0.973283,0.980238
39878,0.977416,0.976482
3988,0.860237,0.843358
39948,0.993168,0.989113
39953,0.991894,0.990378
39956,0.997821,0.991350
39969,0.992449,0.999780
39988,0.993644,0.995630
39989,0.994836,0.990038
40026,0.994359,0.991790
40045,0.993492,0.993637
40064,0.998586,0.998586
40071,0.997901,0.995720
40102,0.989347,0.993143
40110,0.998908,0.998098
40118,0.995897,0.999571
40122,0.994925,0.990577
4013,0.884581,0.862409
40152,0.994111,0.996529
40162,0.992410,0.993976
40172,0.976641,0.971849
40206,0.991446,0.977073
40242,0.978670,0.986448
40263,0.994178,0.977373
40264,0.971846,0.995659
40283,0.992778,0.990879
40339,0.992740,0.990208
40343,0.996479,0.998681
40350,0.985227,0.984343
40363,0.978027,0.972605
40399,0.979521,0.988782
40417,0.991606,0.993264
40429,0.983185,0.986658
40484,0.990484,0.992214
40492,0.991129,0.989257
40509,0.972689,0.961593
4053,0.951224,0.941373
4054,0.960480,0.940551
40580,0.991136,0.989038
40633,0.981310,0.977009
40644,0.998340,0.998341
40675,0.995588,0.995074
40690,0.998242,0.998241
40701,0.998019,0.998019
40709,0.975952,0.975957
40717,0.962089,0.954774
40732,0.951277,0.940180
4075,0.986463,0.987692
4082,0.978495,0.985238
40888,0.964960,0.981554
40890,0.963193,0.982698
40921,0.997068,0.997057
40936,0.964194,0.960791
40965,0.982031,0.979184
41016,0.993610,0.996089
41018,0.984514,0.986322
41025,0.991704,0.993492
4106,0.998851,0.998850
41060,0.983881,0.985079
41063,0.981894,0.964999
41134,0.994359,0.993013
41141,0.991989,0.993626
41170,0.977555,0.980133
41204,0.987783,0.985580
41228,0.993948,0.993948
41245,0.997269,0.997239
4125,0.979926,0.972254
41266,0.994551,0.988669
41268,0.993494,0.991364
41325,0.997600,0.997600
4151,0.952817,0.950203
41573,0.914974,0.939439
41586,0.942494,0.942499
41587,0.994403,0.994401
41604,0.996782,0.994501
41610,0.997600,0.997600
41633,0.945126,0.934404
41651,0.948533,0.948533
41695,0.986508,0.988294
41703,0.973090,0.966034
41735,0.974886,0.972560
41742,0.952598,0.936983
41750,0.988005,0.985606
41763,0.974959,0.974874
41786,0.992601,0.990980
41788,0.993069,0.988890
41803,0.992649,0.992649
41811,0.989689,0.989689
41820,0.991448,0.991448
41837,0.929162,0.865281
41846,0.917123,0.909498
41853,0.996839,0.990018
41879,0.968588,0.977991
41912,0.942114,0.943621
41917,0.925047,0.928886
41921,0.997793,0.993003
41930,0.989823,0.990798
41932,0.997301,0.997870
41955,0.962865,0.981688
41967,0.993291,0.993290
42021,0.980937,0.984175
42054,0.965639,0.976326
4206,0.924692,0.935917
421,0.996915,0.996915
42117,0.920940,0.961008
42118,0.915083,0.918823
4217,0.963911,0.953734
4219,0.962172,0.970860
4220,0.966629,0.976546
42206,0.990318,0.984218
42241,0.966135,0.975692
42242,0.950523,0.976990
42244,0.971326,0.964001
42265,0.962819,0.966735
42297,0.980181,0.990125
42298,0.962080,0.944927
42315,0.999252,0.999251
42318,0.970563,0.938662
42327,0.957950,0.951137
42349,0.977827,0.945621
42360,0.961490,0.962290
4239,0.975466,0.982619
42392,0.987614,0.989297
42409,0.914765,0.931492
4242,0.982592,0.961271
42433,0.993600,0.985750
42434,0.990373,0.991551
42437,0.958381,0.961257
42441,0.961641,0.974046
4250,0.967219,0.943161
42532,0.910909,0.921523
42549,0.899453,0.890001
4259,0.963573,0.950238
42602,0.976633,0.986833
4262,0.961327,0.939441
42621,0.928327,0.913723
42633,0.854346,0.823460
42643,0.971410,0.967719
42644,0.964962,0.964059
42653,0.857966,0.841778
42674,0.963294,0.965733
42704,0.902865,0.898458
42732,0.912590,0.925608
42752,0.982097,0.983296
42755,0.936126,0.932655
42766,0.987954,0.991479
42793,0.986106,0.986365
4281,0.934827,0.949855
42824,0.986045,0.986045
42831,0.887807,0.928226
42833,0.915653,0.926052
42850,0.979297,0.979490
42859,0.959671,0.957033
42874,0.916372,0.937464
42881,0.429824,0.417132
42904,0.987759,0.987873
42909,0.982990,0.975156
4291,0.958101,0.964117
42910,0.983003,0.977151
42966,0.906542,0.912629
42986,0.947572,0.937681
43037,0.987230,0.987230
43073,0.980627,0.974843
43088,0.998781,0.998780
43113,0.987724,0.992155
4312,0.958308,0.938048
43126,0.971693,0.963984
43151,0.980536,0.981123
43153,0.982635,0.978220
43197,0.967261,0.965155
43221,0.964006,0.965937
43232,0.966735,0.965508
43233,0.948386,0.967113
43248,0.887292,0.914417
43251,0.922003,0.913346
43264,0.996909,0.996907
43268,0.964736,0.979195
43280,0.978393,0.971034
43285,0.990405,0.992972
4332,0.945328,0.942514
43324,0.996647,0.996647
43370,0.998569,0.998569
43381,0.998549,0.998549
43389,0.999046,0.999046
43400,0.998804,0.998804
43407,0.997986,0.997986
43409,0.997977,0.997977
43425,0.995596,0.995596
43453,0.986002,0.986002
43474,0.990813,0.990813
43508,0.997502,0.997502
43518,0.991544,0.988699
43519,0.993921,0.993764
43536,0.996755,0.996755
43541,0.996765,0.996765
43560,0.986301,0.986301
43562,0.997661,0.997666
43566,0.987694,0.987694
43596,0.998612,0.998612
4362,0.959369,0.947885
43631,0.993933,0.993933
43645,0.995080,0.996142
4365,0.942313,0.954949
43654,0.988960,0.987942
43680,0.972975,0.991664
43682,0.984856,0.975121
43699,0.988751,0.990646
43700,0.989270,0.991932
43736,0.942237,0.990333
43737,0.959848,0.949092
43745,0.982744,0.975878
43775,0.998627,0.998627
43787,0.988662,0.986251
43800,0.981164,0.974494
43815,0.979894,0.966060
43846,0.913951,0.949902
43858,0.923342,0.901565
43868,0.945678,0.894985
4389,0.943738,0.942387
43895,0.967656,0.945194
43904,0.932465,0.906155
43931,0.935989,0.929087
43933,0.929814,0.923384
43936,0.964658,0.938257
43937,0.965972,0.936733
43955,0.935505,0.930376
43962,0.967057,0.947504
43965,0.936752,0.949150
440,0.997130,0.997130
44024,0.996844,0.997563
44067,0.959853,0.916963
44077,0.902982,0.909103
44082,0.922786,0.926588
44108,0.924365,0.925881
44116,0.936903,0.946819
44149,0.997275,0.997029
44160,0.997135,0.998113
44175,0.981745,0.984203
4420,0.936950,0.925289
44200,0.985784,0.988076
4421,0.920331,0.937037
44217,0.978480,0.975761
44242,0.994828,0.994828
44258,0.976914,0.976886
44276,0.968893,0.936935
44306,0.954961,0.938940
44315,0.968869,0.964652
44344,0.973678,0.939008
44395,0.975969,0.970367
44426,0.889539,0.884929
44476,0.935948,0.939839
44492,0.916561,0.923430
445,0.996942,0.996934
44510,0.905778,0.935162
44517,0.924598,0.899032
44525,0.926884,0.921205
44535,0.899799,0.884488
44569,0.847455,0.796881
44601,0.756126,0.776855
44618,0.814215,0.807204
44639,0.798952,0.791292
44706,0.846543,0.776051
44722,0.799691,0.779304
44740,0.909898,0.871483
44762,0.991084,0.991060
44776,0.799324,0.811135
44781,0.899893,0.840214
44782,0.869888,0.883502
44792,0.941169,0.968399
44805,0.898202,0.899302
44809,0.919559,0.902232
44830,0.936646,0.949297
44835,0.940829,0.915574
44882,0.906602,0.945667
44896,0.876822,0.855074
4494,0.955956,0.937477
44958,0.593082,0.609230
44975,0.884240,0.896409
44985,0.858872,0.830302
44990,0.906559,0.814857
45004,0.787963,0.828186
45040,0.824396,0.812035
45056,0.864244,0.851609
45103,0.964329,0.971229
45113,0.751830,0.794537
45118,0.915455,0.905965
45123,0.906690,0.922754
45161,0.733299,0.703032
45170,0.893956,0.902120
45177,0.905252,0.906576
45226,0.767115,0.744943
45227,0.776209,0.776087
45254,0.910913,0.901032
45290,0.796634,0.742541
45361,0.994634,0.994598
45383,0.985780,0.993391
45388,0.999090,0.999090
454,0.995836,0.995841
45409,0.829076,0.800993
45417,0.964163,0.950400
4542,0.984616,0.979513
45420,0.984456,0.982707
45462,0.993910,0.993910
45469,0.994855,0.994863
45470,0.992899,0.992894
45508,0.950196,0.950214
4551,0.969559,0.974274
45665,0.947157,0.895912
45670,0.943835,0.930628
45684,0.999699,0.999699
45685,0.999709,0.999709
45692,0.989708,0.989708
45704,0.981965,0.981975
45748,0.983242,0.951540
45758,0.903995,0.920627
45774,0.795761,0.790028
45787,0.984886,0.977223
45809,0.951833,0.964185
45812,0.590796,0.510686
45869,0.976592,0.927364
45872,0.965531,0.833950
45873,0.923742,0.880632
45875,0.923451,0.850149
45883,0.853054,0.905951
45904,0.990018,0.946267
45906,0.982514,0.964932
45907,0.950459,0.926329
45913,0.871949,0.888046
45938,0.953693,0.935155
4603,0.972577,0.983038
46041,0.883230,0.898491
46067,0.962446,0.974542
46076,0.993332,0.994745
46078,0.995965,0.997352
46090,0.998346,0.998348
46094,0.972097,0.972089
46108,0.938689,0.964500
46118,0.917363,0.911724
46147,0.965537,0.965537
46153,0.962053,0.962024
46170,0.917714,0.917714
46174,0.993873,0.993869
46192,0.971674,0.981784
46193,0.929386,0.927601
46215,0.877866,0.897485
46224,0.826020,0.886245
46226,0.863000,0.907584
46252,0.784071,0.769523
46273,0.978683,0.990263
46277,0.974786,0.976598
46284,0.974255,0.973771
4631,0.989656,0.984897
46337,0.968727,0.979960
46352,0.991585,0.993326
46384,0.949576,0.964941
46390,0.963211,0.943154
46402,0.975506,0.965466
46419,0.987027,0.979205
46427,0.958951,0.997848
46457,0.963645,0.955571
46462,0.972732,0.977126
46476,0.974108,0.974801
46482,0.977442,0.977442
46527,0.994207,0.992550
46562,0.970984,0.979292
46603,0.995852,0.995852
46653,0.953272,0.951216
4689,0.954771,0.950694
4706,0.969129,0.930829
4707,0.962385,0.929484
4713,0.952136,0.966767
4724,0.976106,0.960324
4751,0.984971,0.960352
476,0.956288,0.956308
4770,0.967523,0.950414
4779,0.962882,0.955124
4795,0.917513,0.938586
4846,0.934542,0.916722
4856,0.969946,0.913094
4898,0.930896,0.949010
4901,0.895339,0.937961
4977,0.959622,0.964417
5000,0.912392,0.952433
5013,0.975341,0.976282
5018,0.982167,0.989339
5047,0.991780,0.993851
5048,0.986993,0.978264
5049,0.984071,0.990684
5058,0.954951,0.964382
5066,0.991918,0.981207
5104,0.781614,0.811814
5120,0.862057,0.829245
5128,0.831655,0.805556
5140,0.911145,0.962020
5156,0.945608,0.929372
5163,0.957783,0.927799
5176,0.957279,0.888254
5189,0.820901,0.830769
5201,0.847851,0.849466
5205,0.819525,0.822490
524,0.990237,0.990237
5241,0.932672,0.816605
5242,0.809368,0.847545
5258,0.828210,0.835227
5320,0.817490,0.834577
5358,0.808419,0.848743
5390,0.931864,0.932813
5399,0.987286,0.978415
5405,0.957065,0.943214
541,0.993552,0.993551
5413,0.980574,0.973198
5444,0.976569,0.980944
547,0.994057,0.994057
5494,0.953978,0.967485
5496,0.953214,0.945406
5513,0.946997,0.945117
552,0.994707,0.994710
5564,0.982522,0.951119
5578,0.964723,0.961766
5611,0.980507,0.981593
5632,0.961630,0.973586
5634,0.969872,0.961420
5636,0.979097,0.976111
5654,0.968995,0.952691
5672,0.916863,0.885441
5682,0.924320,0.944914
5712,0.958442,0.968876
572,0.967818,0.967818
5743,0.973486,0.962086
578,0.995548,0.995547
5789,0.978265,0.980791
5805,0.975227,0.986983
5817,0.975884,0.982167
5822,0.982796,0.975948
5856,0.988033,0.971675
5872,0.983340,0.955693
5873,0.991706,0.973009
5916,0.982452,0.978246
5929,0.975041,0.973088
594,0.974127,0.974127
5999,0.934582,0.955255
6000,0.967243,0.973719
6068,0.949400,0.961791
6083,0.953955,0.980116
6093,0.959216,0.947815
6115,0.979799,0.969298
6148,0.971192,0.982360
6165,0.980620,0.962037
6192,0.946421,0.947095
6227,0.962820,0.965607
6242,0.944431,0.950798
6246,0.946843,0.944628
6253,0.955688,0.955346
6265,0.956513,0.934471
6300,0.986684,0.981955
6356,0.958457,0.976384
6377,0.950892,0.974314
6398,0.965299,0.960603
6399,0.974633,0.971581
6410,0.980120,0.982688
6411,0.992321,0.981303
6415,0.968134,0.969777
6450,0.960090,0.959318
6455,0.964921,0.971299
6505,0.961894,0.944792
6510,0.965922,0.978456
6540,0.958772,0.963476
6553,0.976245,0.957351
6621,0.980960,0.965679
6622,0.980826,0.989432
6640,0.943675,0.962739
6699,0.979587,0.992255
6700,0.982259,0.959726
6703,0.977914,0.952271
6732,0.976318,0.981007
6756,0.987156,0.985992
6757,0.981260,0.986121
6776,0.981598,0.995964
6789,0.983824,0.991448
6804,0.982535,0.970940
6807,0.978497,0.961399
6827,0.979221,0.980005
6847,0.954342,0.962499
6850,0.876795,0.923022
6853,0.885349,0.840733
6860,0.959143,0.975916
6864,0.976483,0.988300
6883,0.986761,0.977704
6889,0.984604,0.973417
6912,0.972374,0.979534
6915,0.972128,0.973005
6920,0.968019,0.971816
6931,0.970586,0.982004
6966,0.985255,0.964315
6995,0.969111,0.972864
6997,0.974462,0.961220
7012,0.969875,0.965700
7021,0.979480,0.963246
7056,0.970641,0.970748
7064,0.931005,0.933665
7065,0.909636,0.911367
7102,0.952620,0.939419
7126,0.977781,0.989463
7136,0.962941,0.956056
7223,0.959646,0.964780
7250,0.970606,0.953269
7261,0.973743,0.980915
7262,0.978398,0.991105
7288,0.985222,0.984479
7324,0.960975,0.976056
7326,0.966158,0.960338
7404,0.979565,0.955260
7416,0.972133,0.969399
7455,0.977555,0.978333
7478,0.978970,0.977437
7523,0.990409,0.993067
7661,0.958909,0.959818
7663,0.948345,0.950695
7687,0.979682,0.969984
7699,0.960165,0.952503
7710,0.892280,0.879498
7729,0.937131,0.915190
7739,0.944078,0.946905
7773,0.970875,0.967417
7801,0.932020,0.933412
7876,0.955663,0.947773
7937,0.951432,0.970830
7948,0.966231,0.950189
7949,0.977057,0.949472
7966,0.985168,0.976531
7973,0.947300,0.966165
7974,0.961448,0.933362
8036,0.978267,0.976588
8061,0.992474,0.986305
8083,0.976490,0.959899
8099,0.968653,0.967593
8102,0.964384,0.966928
8107,0.968989,0.940932
8112,0.969575,0.955997
8129,0.950998,0.955787
8150,0.946069,0.959413
8175,0.935880,0.938335
8190,0.939108,0.963328
8191,0.972660,0.947486
8194,0.964873,0.948734
8202,0.960320,0.969470
8219,0.991027,0.989164
8226,0.985894,0.979435
8350,0.989827,0.996176
8360,0.966527,0.972643
8416,0.977515,0.981497
8418,0.983895,0.976273
8423,0.974323,0.964121
8440,0.986171,0.992416
8478,0.991358,0.983869
8480,0.989936,0.989928
8519,0.991978,0.996300
8566,0.984268,0.981831
8573,0.986804,0.981730
8578,0.992513,0.984459
8589,0.983897,0.992998
8608,0.985111,0.991807
861,0.988543,0.986288
8651,0.973235,0.956404
870,0.987362,0.990556
8705,0.991186,0.982867
8783,0.989049,0.978823
8803,0.979381,0.982748
8811,0.973127,0.971714
8828,0.977441,0.982183
8834,0.952600,0.935166
8850,0.983333,0.981253
8895,0.944706,0.948696
8896,0.946029,0.949346
8964,0.938388,0.883330
8981,0.956395,0.933947
8982,0.922236,0.935686
9000,0.910280,0.927170
9014,0.908999,0.830672
9028,0.914089,0.866102
9075,0.927796,0.966333
9090,0.975495,0.980383
910,0.989578,0.982306
9123,0.972456,0.952249
9159,0.939413,0.946444
9163,0.952837,0.930457
9177,0.933240,0.929649
9194,0.873335,0.896593
923,0.980716,0.980716
9235,0.988247,0.973734
9237,0.976678,0.986636
9343,0.982514,0.957751
935,0.972969,0.972981
9360,0.975663,0.974324
9369,0.967320,0.973462
9384,0.945967,0.960545
939,0.968291,0.968299
9446,0.962805,0.973699
947,0.950917,0.950917
9486,0.966207,0.968028
9523,0.970580,0.967786
9527,0.971365,0.950599
9536,0.976608,0.970619
9539,0.972878,0.920782
9568,0.942324,0.971831
958,0.926077,0.926041
9584,0.970006,0.955489
9587,0.971571,0.935581
9592,0.972430,0.974621
9593,0.934041,0.928285
9603,0.981862,0.953070
9606,0.981231,0.981529
9608,0.983183,0.970509
9648,0.986662,0.973061
9661,0.986025,0.963942
9684,0.942975,0.944551
9697,0.928680,0.952018
9726,0.988813,0.947660
9738,0.992773,0.964813
9757,0.973084,0.982420
9760,0.970551,0.966152
9813,0.983647,0.978086
9819,0.980968,0.983609
986,0.972596,0.972596
9927,0.983468,0.999199
9989,0.911180,0.911184
